/*
Navicat MySQL Data Transfer

Source Server         : attack
Source Server Version : 50726
Source Host           : localhost:3306
Source Database       : attack

Target Server Type    : MYSQL
Target Server Version : 50726
File Encoding         : 65001

Date: 2020-05-20 09:02:51
*/

SET FOREIGN_KEY_CHECKS=0;

-- ----------------------------
-- Table structure for block
-- ----------------------------
DROP TABLE IF EXISTS `block`;
CREATE TABLE `block` (
  `hash` varchar(50) NOT NULL,
  `type` varchar(20) DEFAULT NULL COMMENT 'stale-空区块，regular-正常区块',
  `stake` text,
  `pre_hash` varchar(50) DEFAULT NULL,
  `height` int(11) DEFAULT NULL COMMENT '在区块链中的高度',
  `is_in_attack_chain` tinyint(1) DEFAULT NULL COMMENT '1是，0不是',
  `voting_power` text,
  `accu_regular_num` int(10) DEFAULT NULL,
  `attacker_ratio` varchar(10) DEFAULT NULL,
  `N` int(11) DEFAULT NULL,
  PRIMARY KEY (`hash`)
) ENGINE=MyISAM DEFAULT CHARSET=utf8;

-- ----------------------------
-- Records of block
-- ----------------------------
INSERT INTO `block` VALUES ('917122078689451597733711345038', 'regular', '[0.0849644, 0.18668494, 0.06238832, 0.03770689, 0.19812921, 0.07428662, 0.09094677, 0.1974538, 0.01373027, 0.05370873]', '917122078689451597733711345038', '0', '2', '[0.0849644, 0.18668494, 0.06238832, 0.03770689, 0.19812921, 0.07428662, 0.09094677, 0.1974538, 0.01373027, 0.05370873]', '1', '0.40222605', '0');
INSERT INTO `block` VALUES ('156816649561054322312793293314', 'regular', '[0.08879074, 0.18668494, 0.06238832, 0.03770689, 0.19430287, 0.07428662, 0.09094677, 0.1974538, 0.01373027, 0.05370873]', '917122078689451597733711345038', '1', '0', '[0.17375514, 0.37336988, 0.12477664, 0.07541378, -0.60756787, 0.14857324, 0.18189354, 0.3949076, 0.02746054, 0.10741746]', '2', '0.40222605', '0');
INSERT INTO `block` VALUES ('753273936213656807881891828156', 'regular', '[0.08879074, 0.18668494, 0.06238832, 0.03770689, 0.09430287, 0.07428662, 0.09094677, 0.2974538, 0.01373027, 0.05370873]', '917122078689451597733711345038', '1', '1', '0', '2', '0.50222605', '1');
INSERT INTO `block` VALUES ('584837527067338674940018285642', 'regular', '[0.08879074, 0.06814941, 0.06238832, 0.03770689, 0.09430287, 0.07428662, 0.19094677, 0.2974538, 0.03226579, 0.05370873]', '91934271308933725926068788432', '5', '1', '0', '6', '0.62076156', '8');
INSERT INTO `block` VALUES ('755866470847956690642241470885', 'regular', '[0.08879074, 0.16814942, 0.06238832, 0.03770689, 0.19430287, 0.07428662, 0.09094677, 0.1974538, 0.03226579, 0.05370873]', '156816649561054322312793293314', '2', '0', '[0.34751028, -0.27179571, 0.24955328, 0.15082756, -0.21513579, 0.29714648, 0.36378708, -0.21018475, 0.0734566, 0.21483492]', '3', '0.42076157', '2');
INSERT INTO `block` VALUES ('196704599477551066182622182331', 'regular', '[0.08879074, 0.06814941, 0.06238832, 0.03770689, 0.09430287, 0.07428662, 0.19094677, 0.2974538, 0.03226579, 0.05370873]', '753273936213656807881891828156', '2', '1', '0', '3', '0.62076156', '3');
INSERT INTO `block` VALUES ('576422718121523369823516553832', 'regular', '[0.08563734, 0.18668494, 0.06238832, 0.03770689, 0.19430287, 0.07428662, 0.09094677, 0.2006072, 0.01373027, 0.05370873]', '156816649561054322312793293314', '2', '0', '[-0.47806159, 0.08303865, 0.37432992, 0.22624134, 0.17346995, 0.44571972, -0.45431933, 0.18787625, 0.11945266, 0.32225238]', '3', '0.40537945', '4');
INSERT INTO `block` VALUES ('65014836285737217632718492279', 'regular', '[0.08879074, 0.16814942, 0.06238832, 0.03770689, 0.19430287, 0.07428661, 0.09094677, 0.1974538, 0.03226579, 0.05370873]', '755866470847956690642241470885', '3', '0', '[-0.38927085, 0.25118807, 0.43671824, 0.26394823, 0.36777282, -0.47999361, -0.36337256, 0.38533005, 0.15171845, 0.37596111]', '4', '0.42076157', '5');
INSERT INTO `block` VALUES ('848617950514538901069464139326', 'regular', '[0.08879074, 0.06814941, 0.06238832, 0.03770689, 0.09430287, 0.07428662, 0.19094677, 0.2974538, 0.03226579, 0.05370873]', '196704599477551066182622182331', '3', '1', '0', '4', '0.62076156', '5');
INSERT INTO `block` VALUES ('91934271308933725926068788432', 'regular', '[0.08879074, 0.06814941, 0.06238832, 0.03770689, 0.09430287, 0.07428662, 0.19094677, 0.2974538, 0.03226579, 0.05370873]', '848617950514538901069464139326', '4', '1', '0', '5', '0.62076156', '7');
INSERT INTO `block` VALUES ('410720692956043604762495655362', 'regular', '[0.08879074, 0.16814942, 0.06238832, 0.03770689, 0.19430287, 0.07428661, 0.09367478, 0.1974538, 0.03226579, 0.05098072]', '65014836285737217632718492279', '4', '0', '[-0.11974522, 0.25563628, -0.37611674, 0.3770689, 0.25068143, -0.25713375, 0.41219577, 0.67453811, 0.24851582, -0.46564065]', '5', '0.42348958', '8');
INSERT INTO `block` VALUES ('612306098912775799443162997609', 'regular', '[0.08879074, 0.06814941, 0.06238832, 0.03770689, 0.09430287, 0.07428662, 0.19094677, 0.2974538, 0.03226579, 0.05370873]', '584837527067338674940018285642', '6', '1', '0', '7', '0.62076156', '9');
INSERT INTO `block` VALUES ('790151788480829587438004048659', 'regular', '[0.08879074, 0.06814941, 0.06238832, 0.03770689, 0.09430287, 0.07428662, 0.19094677, 0.2974538, 0.03226579, 0.05370873]', '612306098912775799443162997609', '7', '1', '0', '8', '0.62076156', '10');
INSERT INTO `block` VALUES ('734259823043923890474392524176', 'regular', '[0.08879074, 0.06814941, 0.06238832, 0.03770689, 0.09430287, 0.07428662, 0.19094677, 0.2974538, 0.03226579, 0.05370873]', '790151788480829587438004048659', '8', '1', '0', '9', '0.62076156', '11');
INSERT INTO `block` VALUES ('56062162847937786030160030896', 'regular', '[0.08879074, 0.06814941, 0.06238832, 0.03770689, 0.08507398, 0.07428662, 0.19094677, 0.2974538, 0.04149468, 0.05370873]', '584837527067338674940018285642', '6', '0', '[0.32420848, 0.59638333, -0.06417514, -0.43439659, -0.28703305, 0.11429935, 0.36692968, 0.16180723, 0.41907366, -0.197097]', '7', '0.62999045', '12');
INSERT INTO `block` VALUES ('309385993377210255540858596650', 'regular', '[0.08879074, 0.0681494, 0.06238832, 0.03770689, 0.09430287, 0.07428662, 0.19094677, 0.2974538, 0.03226579, 0.05370873]', '91934271308933725926068788432', '5', '0', '[0.41299922, -0.3354672, -0.00178682, -0.3966897, -0.19273018, 0.18858597, 0.55787645, 0.45926103, 0.45133945, -0.14338827]', '6', '0.62076156', '13');
INSERT INTO `block` VALUES ('386005472647732803031223674852', 'regular', '[0.08879074, 0.06814941, 0.06238832, 0.03770689, 0.09430287, 0.07428662, 0.19094677, 0.2974538, 0.03226579, 0.05370873]', '734259823043923890474392524176', '9', '1', '0', '10', '0.62076156', '13');
INSERT INTO `block` VALUES ('365566230334877335321299188503', 'regular', '[0.08879074, 0.06814941, 0.06238832, 0.03770689, 0.09430287, 0.07428662, 0.19094677, 0.2974538, 0.03226579, 0.05370873]', '734259823043923890474392524176', '9', '1', '0', '10', '0.62076156', '14');
INSERT INTO `block` VALUES ('765190933781399458839827225507', 'regular', '[0.08381744, 0.06814941, 0.06238832, 0.03770689, 0.09927617, 0.07428662, 0.19094677, 0.2974538, 0.03226579, 0.05370873]', '612306098912775799443162997609', '7', '0', '[-0.3256018, -0.13101897, 0.18537814, -0.28356903, 0.09515173, 0.41144583, 0.13071682, 0.35162249, 0.54813682, 0.01773792]', '8', '0.62076156', '15');
INSERT INTO `block` VALUES ('331390154231667242296462338370', 'regular', '[0.08879074, 0.06814941, 0.06238832, 0.03770689, 0.09430287, 0.07428662, 0.19094677, 0.2974538, 0.03226579, 0.05370873]', '386005472647732803031223674852', '10', '1', '0', '11', '0.62076156', '15');
INSERT INTO `block` VALUES ('968818224906192521063879160997', 'regular', '[0.08879074, 0.06814941, 0.06238832, 0.03770689, 0.09430287, 0.07428662, 0.19094677, 0.2974538, 0.03226579, 0.05370873]', '386005472647732803031223674852', '10', '1', '0', '11', '0.62076156', '16');
INSERT INTO `block` VALUES ('426552704866519675561914052547', 'regular', '[0.08879074, 0.06814941, 0.06238832, 0.03770689, 0.09430287, 0.06950871, 0.19572468, 0.2974538, 0.03226579, 0.05370873]', '386005472647732803031223674852', '10', '0', '[-0.05922958, 0.07342926, 0.3725431, -0.17044836, 0.37806034, -0.37047216, 0.70833504, 0.24398395, -0.35506575, 0.17886411]', '11', '0.62553947', '17');
INSERT INTO `block` VALUES ('562509251192298158794516872104', 'regular', '[0.08879074, 0.06814941, 0.06238832, 0.03770689, 0.09430287, 0.07428662, 0.19094677, 0.2974538, 0.03226579, 0.05370873]', '968818224906192521063879160997', '11', '1', '[0.02956116, 0.14157867, 0.43493142, -0.13274147, 0.47236321, -0.29618554, -0.10071813, 0.54143775, -0.32279996, 0.23257284]', '12', '0.62076156', '17');

-- ----------------------------
-- Table structure for miners
-- ----------------------------
DROP TABLE IF EXISTS `miners`;
CREATE TABLE `miners` (
  `id` tinyint(2) NOT NULL,
  `processed` longtext,
  `dependencies` text,
  `is_attacker` tinyint(2) DEFAULT NULL,
  PRIMARY KEY (`id`)
) ENGINE=MyISAM DEFAULT CHARSET=utf8;

-- ----------------------------
-- Records of miners
-- ----------------------------
INSERT INTO `miners` VALUES ('2', '(917122078689451597733711345038, 156816649561054322312793293314, 755866470847956690642241470885, 576422718121523369823516553832, 65014836285737217632718492279, 410720692956043604762495655362);(917122078689451597733711345038, 753273936213656807881891828156, 196704599477551066182622182331, 848617950514538901069464139326, 91934271308933725926068788432, 584837527067338674940018285642, 612306098912775799443162997609, 790151788480829587438004048659, 734259823043923890474392524176, 386005472647732803031223674852, 365566230334877335321299188503, 968818224906192521063879160997)', '{584837527067338674940018285642: [56062162847937786030160030896], 91934271308933725926068788432: [309385993377210255540858596650], 612306098912775799443162997609: [765190933781399458839827225507]};{}', '1');
INSERT INTO `miners` VALUES ('3', '(917122078689451597733711345038, 156816649561054322312793293314, 755866470847956690642241470885, 65014836285737217632718492279, 576422718121523369823516553832, 410720692956043604762495655362);(917122078689451597733711345038, 753273936213656807881891828156, 196704599477551066182622182331, 848617950514538901069464139326, 91934271308933725926068788432, 584837527067338674940018285642, 612306098912775799443162997609, 790151788480829587438004048659, 734259823043923890474392524176, 386005472647732803031223674852, 365566230334877335321299188503, 331390154231667242296462338370)', '{584837527067338674940018285642: [56062162847937786030160030896], 91934271308933725926068788432: [309385993377210255540858596650], 612306098912775799443162997609: [765190933781399458839827225507]};{}', '1');
INSERT INTO `miners` VALUES ('6', '(917122078689451597733711345038, 156816649561054322312793293314, 755866470847956690642241470885, 576422718121523369823516553832, 65014836285737217632718492279, 410720692956043604762495655362);(917122078689451597733711345038, 753273936213656807881891828156, 196704599477551066182622182331, 848617950514538901069464139326, 91934271308933725926068788432, 584837527067338674940018285642, 612306098912775799443162997609, 790151788480829587438004048659, 734259823043923890474392524176, 386005472647732803031223674852, 331390154231667242296462338370, 365566230334877335321299188503)', '{584837527067338674940018285642: [56062162847937786030160030896], 91934271308933725926068788432: [309385993377210255540858596650], 612306098912775799443162997609: [765190933781399458839827225507]};{}', '1');
INSERT INTO `miners` VALUES ('7', '(917122078689451597733711345038, 156816649561054322312793293314, 755866470847956690642241470885, 65014836285737217632718492279, 576422718121523369823516553832, 410720692956043604762495655362);(917122078689451597733711345038, 753273936213656807881891828156, 196704599477551066182622182331, 848617950514538901069464139326, 91934271308933725926068788432, 584837527067338674940018285642, 612306098912775799443162997609, 790151788480829587438004048659, 734259823043923890474392524176, 386005472647732803031223674852, 365566230334877335321299188503, 331390154231667242296462338370, 968818224906192521063879160997)', '{584837527067338674940018285642: [56062162847937786030160030896], 91934271308933725926068788432: [309385993377210255540858596650]};{}', '1');
INSERT INTO `miners` VALUES ('8', '(917122078689451597733711345038, 156816649561054322312793293314, 755866470847956690642241470885, 576422718121523369823516553832, 65014836285737217632718492279, 410720692956043604762495655362);(917122078689451597733711345038, 753273936213656807881891828156, 196704599477551066182622182331, 848617950514538901069464139326, 91934271308933725926068788432, 584837527067338674940018285642, 612306098912775799443162997609, 790151788480829587438004048659, 734259823043923890474392524176, 386005472647732803031223674852, 365566230334877335321299188503, 331390154231667242296462338370, 968818224906192521063879160997)', '{91934271308933725926068788432: [309385993377210255540858596650], 584837527067338674940018285642: [56062162847937786030160030896], 612306098912775799443162997609: [765190933781399458839827225507]};{}', '1');
INSERT INTO `miners` VALUES ('0', '(917122078689451597733711345038, 156816649561054322312793293314, 755866470847956690642241470885, 576422718121523369823516553832, 65014836285737217632718492279, 753273936213656807881891828156, 196704599477551066182622182331, 410720692956043604762495655362, 848617950514538901069464139326, 91934271308933725926068788432, 584837527067338674940018285642, 56062162847937786030160030896, 309385993377210255540858596650, 612306098912775799443162997609, 790151788480829587438004048659, 734259823043923890474392524176, 365566230334877335321299188503, 765190933781399458839827225507, 386005472647732803031223674852)', '{91934271308933725926068788432: [584837527067338674940018285642]}', '0');
INSERT INTO `miners` VALUES ('1', '(917122078689451597733711345038, 156816649561054322312793293314, 755866470847956690642241470885, 576422718121523369823516553832, 65014836285737217632718492279, 410720692956043604762495655362, 753273936213656807881891828156, 196704599477551066182622182331, 848617950514538901069464139326, 91934271308933725926068788432, 584837527067338674940018285642, 612306098912775799443162997609, 56062162847937786030160030896, 309385993377210255540858596650, 765190933781399458839827225507, 790151788480829587438004048659, 734259823043923890474392524176)', '{848617950514538901069464139326: [91934271308933725926068788432], 196704599477551066182622182331: [848617950514538901069464139326]}', '0');
INSERT INTO `miners` VALUES ('4', '(917122078689451597733711345038, 156816649561054322312793293314, 755866470847956690642241470885, 576422718121523369823516553832, 65014836285737217632718492279, 410720692956043604762495655362, 753273936213656807881891828156, 196704599477551066182622182331, 848617950514538901069464139326, 91934271308933725926068788432, 584837527067338674940018285642, 56062162847937786030160030896, 309385993377210255540858596650, 612306098912775799443162997609, 790151788480829587438004048659, 734259823043923890474392524176, 365566230334877335321299188503, 765190933781399458839827225507)', '{196704599477551066182622182331: [848617950514538901069464139326], 848617950514538901069464139326: [91934271308933725926068788432], 91934271308933725926068788432: [584837527067338674940018285642], 386005472647732803031223674852: [968818224906192521063879160997]}', '0');
INSERT INTO `miners` VALUES ('5', '(917122078689451597733711345038, 156816649561054322312793293314, 755866470847956690642241470885, 576422718121523369823516553832, 65014836285737217632718492279, 753273936213656807881891828156, 196704599477551066182622182331, 848617950514538901069464139326, 91934271308933725926068788432, 410720692956043604762495655362, 584837527067338674940018285642, 612306098912775799443162997609, 56062162847937786030160030896, 309385993377210255540858596650, 790151788480829587438004048659, 734259823043923890474392524176, 386005472647732803031223674852, 765190933781399458839827225507)', '{}', '0');
INSERT INTO `miners` VALUES ('9', '(917122078689451597733711345038, 156816649561054322312793293314, 755866470847956690642241470885, 576422718121523369823516553832, 65014836285737217632718492279, 753273936213656807881891828156, 410720692956043604762495655362, 196704599477551066182622182331, 848617950514538901069464139326, 91934271308933725926068788432, 584837527067338674940018285642, 612306098912775799443162997609, 790151788480829587438004048659, 734259823043923890474392524176, 56062162847937786030160030896, 309385993377210255540858596650, 386005472647732803031223674852, 365566230334877335321299188503, 331390154231667242296462338370, 765190933781399458839827225507, 968818224906192521063879160997)', '{}', '0');

-- ----------------------------
-- Table structure for msg_receival
-- ----------------------------
DROP TABLE IF EXISTS `msg_receival`;
CREATE TABLE `msg_receival` (
  `miner_id` tinyint(2) NOT NULL,
  `msg_type` varchar(20) DEFAULT NULL COMMENT '区块block，投票vote',
  `msg_id` varchar(50) NOT NULL COMMENT '区块的哈希或者投票的哈希',
  `receive_time` int(11) DEFAULT NULL,
  PRIMARY KEY (`miner_id`,`msg_id`)
) ENGINE=MyISAM DEFAULT CHARSET=utf8;

-- ----------------------------
-- Records of msg_receival
-- ----------------------------
INSERT INTO `msg_receival` VALUES ('4', 'block', '156816649561054322312793293314', '101');
INSERT INTO `msg_receival` VALUES ('0', 'block', '156816649561054322312793293314', '103');
INSERT INTO `msg_receival` VALUES ('1', 'block', '156816649561054322312793293314', '105');
INSERT INTO `msg_receival` VALUES ('2', 'block', '156816649561054322312793293314', '228');
INSERT INTO `msg_receival` VALUES ('3', 'block', '156816649561054322312793293314', '348');
INSERT INTO `msg_receival` VALUES ('5', 'block', '156816649561054322312793293314', '153');
INSERT INTO `msg_receival` VALUES ('6', 'block', '156816649561054322312793293314', '275');
INSERT INTO `msg_receival` VALUES ('7', 'block', '156816649561054322312793293314', '200');
INSERT INTO `msg_receival` VALUES ('8', 'block', '156816649561054322312793293314', '150');
INSERT INTO `msg_receival` VALUES ('9', 'block', '156816649561054322312793293314', '235');
INSERT INTO `msg_receival` VALUES ('7', 'block', '753273936213656807881891828156', '201');
INSERT INTO `msg_receival` VALUES ('2', 'block', '753273936213656807881891828156', '283');
INSERT INTO `msg_receival` VALUES ('3', 'block', '753273936213656807881891828156', '271');
INSERT INTO `msg_receival` VALUES ('6', 'block', '753273936213656807881891828156', '324');
INSERT INTO `msg_receival` VALUES ('8', 'block', '753273936213656807881891828156', '214');
INSERT INTO `msg_receival` VALUES ('1', 'block', '755866470847956690642241470885', '301');
INSERT INTO `msg_receival` VALUES ('0', 'block', '755866470847956690642241470885', '564');
INSERT INTO `msg_receival` VALUES ('2', 'block', '755866470847956690642241470885', '455');
INSERT INTO `msg_receival` VALUES ('3', 'block', '755866470847956690642241470885', '373');
INSERT INTO `msg_receival` VALUES ('4', 'block', '755866470847956690642241470885', '320');
INSERT INTO `msg_receival` VALUES ('5', 'block', '755866470847956690642241470885', '306');
INSERT INTO `msg_receival` VALUES ('6', 'block', '755866470847956690642241470885', '340');
INSERT INTO `msg_receival` VALUES ('7', 'block', '755866470847956690642241470885', '353');
INSERT INTO `msg_receival` VALUES ('8', 'block', '755866470847956690642241470885', '343');
INSERT INTO `msg_receival` VALUES ('9', 'block', '755866470847956690642241470885', '483');
INSERT INTO `msg_receival` VALUES ('6', 'block', '196704599477551066182622182331', '401');
INSERT INTO `msg_receival` VALUES ('2', 'block', '196704599477551066182622182331', '422');
INSERT INTO `msg_receival` VALUES ('3', 'block', '196704599477551066182622182331', '404');
INSERT INTO `msg_receival` VALUES ('7', 'block', '196704599477551066182622182331', '471');
INSERT INTO `msg_receival` VALUES ('8', 'block', '196704599477551066182622182331', '439');
INSERT INTO `msg_receival` VALUES ('0', 'block', '576422718121523369823516553832', '501');
INSERT INTO `msg_receival` VALUES ('1', 'block', '576422718121523369823516553832', '720');
INSERT INTO `msg_receival` VALUES ('2', 'block', '576422718121523369823516553832', '556');
INSERT INTO `msg_receival` VALUES ('3', 'block', '576422718121523369823516553832', '797');
INSERT INTO `msg_receival` VALUES ('4', 'block', '576422718121523369823516553832', '527');
INSERT INTO `msg_receival` VALUES ('5', 'block', '576422718121523369823516553832', '573');
INSERT INTO `msg_receival` VALUES ('6', 'block', '576422718121523369823516553832', '505');
INSERT INTO `msg_receival` VALUES ('7', 'block', '576422718121523369823516553832', '717');
INSERT INTO `msg_receival` VALUES ('8', 'block', '576422718121523369823516553832', '513');
INSERT INTO `msg_receival` VALUES ('9', 'block', '576422718121523369823516553832', '578');
INSERT INTO `msg_receival` VALUES ('5', 'block', '65014836285737217632718492279', '601');
INSERT INTO `msg_receival` VALUES ('0', 'block', '65014836285737217632718492279', '630');
INSERT INTO `msg_receival` VALUES ('1', 'block', '65014836285737217632718492279', '735');
INSERT INTO `msg_receival` VALUES ('2', 'block', '65014836285737217632718492279', '616');
INSERT INTO `msg_receival` VALUES ('3', 'block', '65014836285737217632718492279', '627');
INSERT INTO `msg_receival` VALUES ('4', 'block', '65014836285737217632718492279', '705');
INSERT INTO `msg_receival` VALUES ('6', 'block', '65014836285737217632718492279', '637');
INSERT INTO `msg_receival` VALUES ('7', 'block', '65014836285737217632718492279', '680');
INSERT INTO `msg_receival` VALUES ('8', 'block', '65014836285737217632718492279', '633');
INSERT INTO `msg_receival` VALUES ('9', 'block', '65014836285737217632718492279', '656');
INSERT INTO `msg_receival` VALUES ('7', 'block', '848617950514538901069464139326', '601');
INSERT INTO `msg_receival` VALUES ('2', 'block', '848617950514538901069464139326', '770');
INSERT INTO `msg_receival` VALUES ('3', 'block', '848617950514538901069464139326', '680');
INSERT INTO `msg_receival` VALUES ('6', 'block', '848617950514538901069464139326', '643');
INSERT INTO `msg_receival` VALUES ('8', 'block', '848617950514538901069464139326', '990');
INSERT INTO `msg_receival` VALUES ('2', 'block', '91934271308933725926068788432', '801');
INSERT INTO `msg_receival` VALUES ('3', 'block', '91934271308933725926068788432', '853');
INSERT INTO `msg_receival` VALUES ('6', 'block', '91934271308933725926068788432', '906');
INSERT INTO `msg_receival` VALUES ('7', 'block', '91934271308933725926068788432', '815');
INSERT INTO `msg_receival` VALUES ('8', 'block', '91934271308933725926068788432', '979');
INSERT INTO `msg_receival` VALUES ('0', 'block', '753273936213656807881891828156', '823');
INSERT INTO `msg_receival` VALUES ('1', 'block', '753273936213656807881891828156', '1383');
INSERT INTO `msg_receival` VALUES ('4', 'block', '753273936213656807881891828156', '1202');
INSERT INTO `msg_receival` VALUES ('5', 'block', '753273936213656807881891828156', '857');
INSERT INTO `msg_receival` VALUES ('9', 'block', '753273936213656807881891828156', '834');
INSERT INTO `msg_receival` VALUES ('0', 'block', '196704599477551066182622182331', '829');
INSERT INTO `msg_receival` VALUES ('1', 'block', '196704599477551066182622182331', '910');
INSERT INTO `msg_receival` VALUES ('4', 'block', '196704599477551066182622182331', '1135');
INSERT INTO `msg_receival` VALUES ('5', 'block', '196704599477551066182622182331', '928');
INSERT INTO `msg_receival` VALUES ('9', 'block', '196704599477551066182622182331', '1091');
INSERT INTO `msg_receival` VALUES ('0', 'block', '848617950514538901069464139326', '1168');
INSERT INTO `msg_receival` VALUES ('1', 'block', '848617950514538901069464139326', '1140');
INSERT INTO `msg_receival` VALUES ('4', 'block', '848617950514538901069464139326', '1097');
INSERT INTO `msg_receival` VALUES ('5', 'block', '848617950514538901069464139326', '1084');
INSERT INTO `msg_receival` VALUES ('9', 'block', '848617950514538901069464139326', '982');
INSERT INTO `msg_receival` VALUES ('0', 'block', '91934271308933725926068788432', '1004');
INSERT INTO `msg_receival` VALUES ('1', 'block', '91934271308933725926068788432', '892');
INSERT INTO `msg_receival` VALUES ('4', 'block', '91934271308933725926068788432', '1097');
INSERT INTO `msg_receival` VALUES ('5', 'block', '91934271308933725926068788432', '974');
INSERT INTO `msg_receival` VALUES ('9', 'block', '91934271308933725926068788432', '1102');
INSERT INTO `msg_receival` VALUES ('9', 'block', '410720692956043604762495655362', '901');
INSERT INTO `msg_receival` VALUES ('0', 'block', '410720692956043604762495655362', '952');
INSERT INTO `msg_receival` VALUES ('1', 'block', '410720692956043604762495655362', '1126');
INSERT INTO `msg_receival` VALUES ('2', 'block', '410720692956043604762495655362', '973');
INSERT INTO `msg_receival` VALUES ('3', 'block', '410720692956043604762495655362', '1028');
INSERT INTO `msg_receival` VALUES ('4', 'block', '410720692956043604762495655362', '907');
INSERT INTO `msg_receival` VALUES ('5', 'block', '410720692956043604762495655362', '1135');
INSERT INTO `msg_receival` VALUES ('6', 'block', '410720692956043604762495655362', '1045');
INSERT INTO `msg_receival` VALUES ('7', 'block', '410720692956043604762495655362', '1096');
INSERT INTO `msg_receival` VALUES ('8', 'block', '410720692956043604762495655362', '1128');
INSERT INTO `msg_receival` VALUES ('7', 'block', '584837527067338674940018285642', '901');
INSERT INTO `msg_receival` VALUES ('2', 'block', '584837527067338674940018285642', '943');
INSERT INTO `msg_receival` VALUES ('3', 'block', '584837527067338674940018285642', '903');
INSERT INTO `msg_receival` VALUES ('6', 'block', '584837527067338674940018285642', '1061');
INSERT INTO `msg_receival` VALUES ('8', 'block', '584837527067338674940018285642', '910');
INSERT INTO `msg_receival` VALUES ('0', 'block', '584837527067338674940018285642', '1052');
INSERT INTO `msg_receival` VALUES ('1', 'block', '584837527067338674940018285642', '1487');
INSERT INTO `msg_receival` VALUES ('4', 'block', '584837527067338674940018285642', '1033');
INSERT INTO `msg_receival` VALUES ('5', 'block', '584837527067338674940018285642', '1222');
INSERT INTO `msg_receival` VALUES ('9', 'block', '584837527067338674940018285642', '1089');
INSERT INTO `msg_receival` VALUES ('6', 'block', '612306098912775799443162997609', '1001');
INSERT INTO `msg_receival` VALUES ('2', 'block', '612306098912775799443162997609', '1018');
INSERT INTO `msg_receival` VALUES ('3', 'block', '612306098912775799443162997609', '1243');
INSERT INTO `msg_receival` VALUES ('7', 'block', '612306098912775799443162997609', '1027');
INSERT INTO `msg_receival` VALUES ('8', 'block', '612306098912775799443162997609', '1059');
INSERT INTO `msg_receival` VALUES ('0', 'block', '612306098912775799443162997609', '1537');
INSERT INTO `msg_receival` VALUES ('1', 'block', '612306098912775799443162997609', '1107');
INSERT INTO `msg_receival` VALUES ('4', 'block', '612306098912775799443162997609', '1547');
INSERT INTO `msg_receival` VALUES ('5', 'block', '612306098912775799443162997609', '1100');
INSERT INTO `msg_receival` VALUES ('9', 'block', '612306098912775799443162997609', '1154');
INSERT INTO `msg_receival` VALUES ('3', 'block', '790151788480829587438004048659', '1101');
INSERT INTO `msg_receival` VALUES ('2', 'block', '790151788480829587438004048659', '1134');
INSERT INTO `msg_receival` VALUES ('6', 'block', '790151788480829587438004048659', '1220');
INSERT INTO `msg_receival` VALUES ('7', 'block', '790151788480829587438004048659', '1264');
INSERT INTO `msg_receival` VALUES ('8', 'block', '790151788480829587438004048659', '1105');
INSERT INTO `msg_receival` VALUES ('0', 'block', '790151788480829587438004048659', '1608');
INSERT INTO `msg_receival` VALUES ('1', 'block', '790151788480829587438004048659', '1749');
INSERT INTO `msg_receival` VALUES ('4', 'block', '790151788480829587438004048659', '1598');
INSERT INTO `msg_receival` VALUES ('5', 'block', '790151788480829587438004048659', '1507');
INSERT INTO `msg_receival` VALUES ('9', 'block', '790151788480829587438004048659', '1214');
INSERT INTO `msg_receival` VALUES ('7', 'block', '734259823043923890474392524176', '1201');
INSERT INTO `msg_receival` VALUES ('2', 'block', '734259823043923890474392524176', '1201');
INSERT INTO `msg_receival` VALUES ('3', 'block', '734259823043923890474392524176', '1216');
INSERT INTO `msg_receival` VALUES ('6', 'block', '734259823043923890474392524176', '1297');
INSERT INTO `msg_receival` VALUES ('8', 'block', '734259823043923890474392524176', '1210');
INSERT INTO `msg_receival` VALUES ('0', 'block', '734259823043923890474392524176', '1332');
INSERT INTO `msg_receival` VALUES ('1', 'block', '734259823043923890474392524176', '1338');
INSERT INTO `msg_receival` VALUES ('4', 'block', '734259823043923890474392524176', '1364');
INSERT INTO `msg_receival` VALUES ('5', 'block', '734259823043923890474392524176', '1420');
INSERT INTO `msg_receival` VALUES ('9', 'block', '734259823043923890474392524176', '1352');
INSERT INTO `msg_receival` VALUES ('4', 'block', '56062162847937786030160030896', '1301');
INSERT INTO `msg_receival` VALUES ('0', 'block', '56062162847937786030160030896', '1313');
INSERT INTO `msg_receival` VALUES ('1', 'block', '56062162847937786030160030896', '1332');
INSERT INTO `msg_receival` VALUES ('2', 'block', '56062162847937786030160030896', '1475');
INSERT INTO `msg_receival` VALUES ('3', 'block', '56062162847937786030160030896', '1372');
INSERT INTO `msg_receival` VALUES ('5', 'block', '56062162847937786030160030896', '1390');
INSERT INTO `msg_receival` VALUES ('6', 'block', '56062162847937786030160030896', '1474');
INSERT INTO `msg_receival` VALUES ('7', 'block', '56062162847937786030160030896', '1341');
INSERT INTO `msg_receival` VALUES ('8', 'block', '56062162847937786030160030896', '1548');
INSERT INTO `msg_receival` VALUES ('9', 'block', '56062162847937786030160030896', '1326');
INSERT INTO `msg_receival` VALUES ('1', 'block', '309385993377210255540858596650', '1401');
INSERT INTO `msg_receival` VALUES ('0', 'block', '309385993377210255540858596650', '1469');
INSERT INTO `msg_receival` VALUES ('2', 'block', '309385993377210255540858596650', '1505');
INSERT INTO `msg_receival` VALUES ('3', 'block', '309385993377210255540858596650', '1487');
INSERT INTO `msg_receival` VALUES ('4', 'block', '309385993377210255540858596650', '1406');
INSERT INTO `msg_receival` VALUES ('5', 'block', '309385993377210255540858596650', '1455');
INSERT INTO `msg_receival` VALUES ('6', 'block', '309385993377210255540858596650', '1524');
INSERT INTO `msg_receival` VALUES ('7', 'block', '309385993377210255540858596650', '1496');
INSERT INTO `msg_receival` VALUES ('8', 'block', '309385993377210255540858596650', '1406');
INSERT INTO `msg_receival` VALUES ('9', 'block', '309385993377210255540858596650', '1542');
INSERT INTO `msg_receival` VALUES ('6', 'block', '386005472647732803031223674852', '1401');
INSERT INTO `msg_receival` VALUES ('2', 'block', '386005472647732803031223674852', '1558');
INSERT INTO `msg_receival` VALUES ('3', 'block', '386005472647732803031223674852', '1425');
INSERT INTO `msg_receival` VALUES ('7', 'block', '386005472647732803031223674852', '1474');
INSERT INTO `msg_receival` VALUES ('8', 'block', '386005472647732803031223674852', '1401');
INSERT INTO `msg_receival` VALUES ('0', 'block', '386005472647732803031223674852', '1727');
INSERT INTO `msg_receival` VALUES ('1', 'block', '386005472647732803031223674852', '1967');
INSERT INTO `msg_receival` VALUES ('4', 'block', '386005472647732803031223674852', '1823');
INSERT INTO `msg_receival` VALUES ('5', 'block', '386005472647732803031223674852', '1518');
INSERT INTO `msg_receival` VALUES ('9', 'block', '386005472647732803031223674852', '1529');
INSERT INTO `msg_receival` VALUES ('7', 'block', '365566230334877335321299188503', '1501');
INSERT INTO `msg_receival` VALUES ('2', 'block', '365566230334877335321299188503', '1526');
INSERT INTO `msg_receival` VALUES ('3', 'block', '365566230334877335321299188503', '1547');
INSERT INTO `msg_receival` VALUES ('6', 'block', '365566230334877335321299188503', '1759');
INSERT INTO `msg_receival` VALUES ('8', 'block', '365566230334877335321299188503', '1507');
INSERT INTO `msg_receival` VALUES ('0', 'block', '365566230334877335321299188503', '1636');
INSERT INTO `msg_receival` VALUES ('1', 'block', '365566230334877335321299188503', '2156');
INSERT INTO `msg_receival` VALUES ('4', 'block', '365566230334877335321299188503', '1654');
INSERT INTO `msg_receival` VALUES ('5', 'block', '365566230334877335321299188503', '1925');
INSERT INTO `msg_receival` VALUES ('9', 'block', '365566230334877335321299188503', '1665');
INSERT INTO `msg_receival` VALUES ('0', 'block', '765190933781399458839827225507', '1601');
INSERT INTO `msg_receival` VALUES ('1', 'block', '765190933781399458839827225507', '1627');
INSERT INTO `msg_receival` VALUES ('2', 'block', '765190933781399458839827225507', '1612');
INSERT INTO `msg_receival` VALUES ('3', 'block', '765190933781399458839827225507', '1668');
INSERT INTO `msg_receival` VALUES ('4', 'block', '765190933781399458839827225507', '1617');
INSERT INTO `msg_receival` VALUES ('5', 'block', '765190933781399458839827225507', '1788');
INSERT INTO `msg_receival` VALUES ('6', 'block', '765190933781399458839827225507', '1637');
INSERT INTO `msg_receival` VALUES ('7', 'block', '765190933781399458839827225507', '1820');
INSERT INTO `msg_receival` VALUES ('8', 'block', '765190933781399458839827225507', '1719');
INSERT INTO `msg_receival` VALUES ('9', 'block', '765190933781399458839827225507', '1791');
INSERT INTO `msg_receival` VALUES ('8', 'block', '331390154231667242296462338370', '1601');
INSERT INTO `msg_receival` VALUES ('2', 'block', '331390154231667242296462338370', '2401');
INSERT INTO `msg_receival` VALUES ('3', 'block', '331390154231667242296462338370', '1759');
INSERT INTO `msg_receival` VALUES ('6', 'block', '331390154231667242296462338370', '1625');
INSERT INTO `msg_receival` VALUES ('7', 'block', '331390154231667242296462338370', '1659');
INSERT INTO `msg_receival` VALUES ('0', 'block', '331390154231667242296462338370', '1993');
INSERT INTO `msg_receival` VALUES ('1', 'block', '331390154231667242296462338370', '2086');
INSERT INTO `msg_receival` VALUES ('4', 'block', '331390154231667242296462338370', '2135');
INSERT INTO `msg_receival` VALUES ('5', 'block', '331390154231667242296462338370', '2064');
INSERT INTO `msg_receival` VALUES ('9', 'block', '331390154231667242296462338370', '1624');
INSERT INTO `msg_receival` VALUES ('7', 'block', '968818224906192521063879160997', '1701');
INSERT INTO `msg_receival` VALUES ('2', 'block', '968818224906192521063879160997', '1740');
INSERT INTO `msg_receival` VALUES ('3', 'block', '968818224906192521063879160997', '1808');
INSERT INTO `msg_receival` VALUES ('6', 'block', '968818224906192521063879160997', '1809');
INSERT INTO `msg_receival` VALUES ('8', 'block', '968818224906192521063879160997', '1795');
INSERT INTO `msg_receival` VALUES ('0', 'block', '968818224906192521063879160997', '1906');
INSERT INTO `msg_receival` VALUES ('1', 'block', '968818224906192521063879160997', '1985');
INSERT INTO `msg_receival` VALUES ('4', 'block', '968818224906192521063879160997', '1725');
INSERT INTO `msg_receival` VALUES ('5', 'block', '968818224906192521063879160997', '1874');
INSERT INTO `msg_receival` VALUES ('9', 'block', '968818224906192521063879160997', '1750');
INSERT INTO `msg_receival` VALUES ('5', 'block', '426552704866519675561914052547', '1801');
INSERT INTO `msg_receival` VALUES ('0', 'block', '426552704866519675561914052547', '2175');
INSERT INTO `msg_receival` VALUES ('1', 'block', '426552704866519675561914052547', '1930');
INSERT INTO `msg_receival` VALUES ('2', 'block', '426552704866519675561914052547', '1880');
INSERT INTO `msg_receival` VALUES ('3', 'block', '426552704866519675561914052547', '1868');
INSERT INTO `msg_receival` VALUES ('4', 'block', '426552704866519675561914052547', '2104');
INSERT INTO `msg_receival` VALUES ('6', 'block', '426552704866519675561914052547', '1881');
INSERT INTO `msg_receival` VALUES ('7', 'block', '426552704866519675561914052547', '2085');
INSERT INTO `msg_receival` VALUES ('8', 'block', '426552704866519675561914052547', '1862');
INSERT INTO `msg_receival` VALUES ('9', 'block', '426552704866519675561914052547', '1806');
INSERT INTO `msg_receival` VALUES ('6', 'block', '562509251192298158794516872104', '1801');
INSERT INTO `msg_receival` VALUES ('2', 'block', '562509251192298158794516872104', '1812');
INSERT INTO `msg_receival` VALUES ('3', 'block', '562509251192298158794516872104', '1806');
INSERT INTO `msg_receival` VALUES ('7', 'block', '562509251192298158794516872104', '1814');
INSERT INTO `msg_receival` VALUES ('8', 'block', '562509251192298158794516872104', '1933');

-- ----------------------------
-- Table structure for transfer
-- ----------------------------
DROP TABLE IF EXISTS `transfer`;
CREATE TABLE `transfer` (
  `sender_id` tinyint(2) NOT NULL,
  `receiver_id` tinyint(2) NOT NULL,
  `stake` varchar(20) DEFAULT NULL,
  `is_copied` tinyint(2) DEFAULT NULL
) ENGINE=MyISAM DEFAULT CHARSET=utf8;

-- ----------------------------
-- Records of transfer
-- ----------------------------
INSERT INTO `transfer` VALUES ('4', '0', '0.00382634', '1');
INSERT INTO `transfer` VALUES ('1', '8', '0.01853552', '1');
INSERT INTO `transfer` VALUES ('0', '7', '0.0031534', '1');
INSERT INTO `transfer` VALUES ('5', '5', '0.00390637', '1');
INSERT INTO `transfer` VALUES ('9', '6', '0.00272801', '1');
INSERT INTO `transfer` VALUES ('4', '8', '0.00922889', '1');
INSERT INTO `transfer` VALUES ('1', '1', '0.00478816', '1');
INSERT INTO `transfer` VALUES ('0', '4', '0.0049733', '1');
INSERT INTO `transfer` VALUES ('5', '6', '0.00477791', '1');
