/*
Navicat MySQL Data Transfer

Source Server         : attack
Source Server Version : 50726
Source Host           : localhost:3306
Source Database       : attack

Target Server Type    : MYSQL
Target Server Version : 50726
File Encoding         : 65001

Date: 2020-05-26 12:07:59
*/

SET FOREIGN_KEY_CHECKS=0;

-- ----------------------------
-- Table structure for block
-- ----------------------------
DROP TABLE IF EXISTS `block`;
CREATE TABLE `block` (
  `hash` varchar(50) NOT NULL,
  `type` varchar(20) DEFAULT NULL COMMENT 'stale-空区块，regular-正常区块',
  `stake` text,
  `pre_hash` varchar(50) DEFAULT NULL,
  `height` int(11) DEFAULT NULL COMMENT '在区块链中的高度',
  `is_in_attack_chain` tinyint(1) DEFAULT NULL COMMENT '1是，0不是',
  `voting_power` text,
  `accu_regular_num` int(10) DEFAULT NULL,
  `attacker_ratio` varchar(10) DEFAULT NULL,
  `N` int(11) DEFAULT NULL,
  PRIMARY KEY (`hash`)
) ENGINE=MyISAM DEFAULT CHARSET=utf8;

-- ----------------------------
-- Records of block
-- ----------------------------
INSERT INTO `block` VALUES ('418922547372976813267220810928', 'regular', '[0.37847357, 0.01355134, 0.02347123, 0.0175221, 0.1273897, 0.03440065, 0.22873135, 0.01752692, 0.12519949, 0.0337336]', '418922547372976813267220810928', '0', '2', '[0.37847357, 0.01355134, 0.02347123, 0.0175221, 0.1273897, 0.03440065, 0.22873135, 0.01752692, 0.12519949, 0.0337336]', '1', '0.48132054', '0');
INSERT INTO `block` VALUES ('155994433412295948559655408802', 'regular', '[0.37847357, 0.01355134, 0.02347123, 0.0175221, 0.1273897, 0.03440065, 0.22873135, 0.01752692, 0.12519949, 0.0337336]', '418922547372976813267220810928', '1', '0', '[-0.24305281, 0.02710268, 0.04694246, 0.0350442, 0.2547794, 0.0688013, 0.4574627, 0.03505384, 0.25039898, 0.0674672]', '2', '0.48132054', '0');
INSERT INTO `block` VALUES ('407121730208653798673219508908', 'regular', '[0.32847357, 0.01355134, 0.02347123, 0.0175221, 0.1273897, 0.03440065, 0.27873135, 0.01752692, 0.12519949, 0.0337336]', '418922547372976813267220810928', '1', '1', '0', '2', '0.53132053', '1');
INSERT INTO `block` VALUES ('660393973766107510216807129380', 'regular', '[0.32847357, 0.01355134, 0.02347123, 0.0175221, 0.1273897, 0.03440065, 0.27873135, 0.01752692, 0.12519949, 0.0337336]', '407121730208653798673219508908', '2', '1', '0', '3', '0.53132053', '2');
INSERT INTO `block` VALUES ('214630853397854190567637385417', 'regular', '[0.32847357, 0.01355134, 0.02347123, 0.0175221, 0.1273897, 0.03440065, 0.27873135, 0.01752692, 0.12519949, 0.0337336]', '660393973766107510216807129380', '3', '1', '0', '4', '0.53132053', '3');
INSERT INTO `block` VALUES ('515021880665744235830302464551', 'regular', '[0.37847357, 0.01355134, 0.02347123, 0.0175221, 0.1273897, 0.03440065, 0.22873135, 0.01752692, 0.12519949, 0.0337336]', '155994433412295948559655408802', '2', '0', '[0.12084152, 0.08130804, 0.14082738, 0.1051326, -0.23566175, 0.2064039, 0.52238815, 0.10516152, -0.24880301, 0.2024016]', '3', '0.48132054', '4');
INSERT INTO `block` VALUES ('833250450433143973327992403359', 'regular', '[0.27847357, 0.01355134, 0.02347123, 0.0175221, 0.1273897, 0.03440065, 0.32873134, 0.01752692, 0.12519949, 0.0337336]', '660393973766107510216807129380', '3', '1', '0', '4', '0.58132052', '4');
INSERT INTO `block` VALUES ('938278453834771504621561629546', 'regular', '[0.37847357, 0.01355134, 0.02347123, 0.0175221, 0.1273897, 0.03440065, 0.22873135, 0.01752692, 0.12519949, 0.0337336]', '515021880665744235830302464551', '3', '0', '[-0.22221129, 0.10841072, 0.18776984, 0.1401768, 0.01911765, 0.2752052, 0.0798509, 0.14021536, 0.00159597, 0.2698688]', '4', '0.48132054', '5');
INSERT INTO `block` VALUES ('447201451712576843905543816747', 'regular', '[0.37847357, 0.01355134, 0.02347123, 0.0175221, 0.1273897, 0.03440065, 0.22873135, 0.01752692, 0.12519949, 0.0337336]', '938278453834771504621561629546', '4', '0', '[-0.10763205, 0.0677567, 0.11735615, 0.0876105, -0.36305145, 0.17200325, 0.1436568, 0.0876346, 0.62599745, 0.168668]', '5', '0.48132054', '6');
INSERT INTO `block` VALUES ('550063660374069990632151577503', 'regular', '[0.27847357, 0.01355134, 0.02347123, 0.0175221, 0.1273897, 0.03440065, 0.32873134, 0.01752692, 0.12519949, 0.0337336]', '214630853397854190567637385417', '4', '1', '0', '5', '0.58132052', '6');
INSERT INTO `block` VALUES ('459466873915017845720142522328', 'regular', '[0.22847357, 0.01355134, 0.02347123, 0.0175221, 0.1773897, 0.03440065, 0.32873134, 0.01752692, 0.12519949, 0.0337336]', '550063660374069990632151577503', '5', '1', '0', '6', '0.63132053', '8');
INSERT INTO `block` VALUES ('839555077567672748680726883757', 'regular', '[0.22847357, 0.01355134, 0.02347123, 0.0175221, 0.1773897, 0.03440065, 0.32873134, 0.01752692, 0.12519949, 0.0337336]', '459466873915017845720142522328', '6', '1', '0', '7', '0.63132053', '9');
INSERT INTO `block` VALUES ('648033164766224368376473551597', 'regular', '[0.22847357, 0.01355134, 0.02347123, 0.0175221, 0.1773897, 0.03440065, 0.32873134, 0.01752692, 0.12519949, 0.0337336]', '459466873915017845720142522328', '6', '1', '0', '7', '0.63132053', '10');
INSERT INTO `block` VALUES ('948318935898229848268544627168', 'regular', '[0.37847357, 0.01355134, 0.02347123, 0.0175221, 0.1273897, 0.03440065, 0.22873135, 0.01752692, 0.12519949, 0.0337336]', '447201451712576843905543816747', '5', '0', '[0.77710375, 0.2032701, 0.35206845, 0.2628315, 0.06084561, -0.4839902, 0.18097043, 0.2629038, -0.12200754, -0.49399595]', '6', '0.48132054', '11');
INSERT INTO `block` VALUES ('417238525252895547656748354627', 'regular', '[0.37847357, 0.01355134, 0.02347123, 0.0175221, 0.1273897, 0.03440065, 0.22873135, 0.01752692, 0.12519949, 0.0337336]', '948318935898229848268544627168', '6', '0', '[0.15557737, 0.21682144, 0.37553968, 0.2803536, 0.18823531, -0.44958955, 0.40970178, 0.28043072, 0.00319195, -0.46026235]', '7', '0.48132054', '12');
INSERT INTO `block` VALUES ('963713993166186804578444129127', 'regular', '[0.22847357, 0.01355134, 0.02347123, 0.0175221, 0.1773897, 0.03440065, 0.32873134, 0.01752692, 0.12519949, 0.0337336]', '839555077567672748680726883757', '7', '1', '[0.38405094, 0.23037278, 0.39901091, 0.2978757, 0.36562501, -0.4151889, -0.26156682, 0.29795764, 0.12839144, -0.42652875]', '8', '0.63132053', '12');

-- ----------------------------
-- Table structure for miners
-- ----------------------------
DROP TABLE IF EXISTS `miners`;
CREATE TABLE `miners` (
  `id` tinyint(2) NOT NULL,
  `processed` longtext,
  `dependencies` text,
  `is_attacker` tinyint(2) DEFAULT NULL,
  PRIMARY KEY (`id`)
) ENGINE=MyISAM DEFAULT CHARSET=utf8;

-- ----------------------------
-- Records of miners
-- ----------------------------
INSERT INTO `miners` VALUES ('4', '(418922547372976813267220810928, 155994433412295948559655408802, 515021880665744235830302464551, 938278453834771504621561629546, 447201451712576843905543816747, 948318935898229848268544627168);(418922547372976813267220810928, 407121730208653798673219508908, 660393973766107510216807129380, 214630853397854190567637385417, 833250450433143973327992403359, 550063660374069990632151577503, 459466873915017845720142522328, 839555077567672748680726883757, 648033164766224368376473551597)', '{};{}', '1');
INSERT INTO `miners` VALUES ('6', '(418922547372976813267220810928, 155994433412295948559655408802, 515021880665744235830302464551, 938278453834771504621561629546, 447201451712576843905543816747, 948318935898229848268544627168);(418922547372976813267220810928, 407121730208653798673219508908, 660393973766107510216807129380, 214630853397854190567637385417, 833250450433143973327992403359, 550063660374069990632151577503, 459466873915017845720142522328, 839555077567672748680726883757, 648033164766224368376473551597)', '{};{}', '1');
INSERT INTO `miners` VALUES ('8', '(418922547372976813267220810928, 155994433412295948559655408802, 515021880665744235830302464551, 938278453834771504621561629546);(418922547372976813267220810928, 407121730208653798673219508908, 660393973766107510216807129380, 214630853397854190567637385417, 833250450433143973327992403359, 550063660374069990632151577503, 459466873915017845720142522328, 839555077567672748680726883757, 648033164766224368376473551597)', '{447201451712576843905543816747: [948318935898229848268544627168]};{}', '1');
INSERT INTO `miners` VALUES ('0', '(418922547372976813267220810928, 155994433412295948559655408802, 407121730208653798673219508908, 515021880665744235830302464551, 938278453834771504621561629546, 447201451712576843905543816747, 660393973766107510216807129380, 214630853397854190567637385417, 550063660374069990632151577503, 833250450433143973327992403359, 948318935898229848268544627168)', '{214630853397854190567637385417: [550063660374069990632151577503], 459466873915017845720142522328: [839555077567672748680726883757]}', '0');
INSERT INTO `miners` VALUES ('1', '(418922547372976813267220810928, 155994433412295948559655408802, 515021880665744235830302464551, 407121730208653798673219508908, 660393973766107510216807129380, 214630853397854190567637385417, 833250450433143973327992403359, 938278453834771504621561629546, 447201451712576843905543816747, 550063660374069990632151577503, 459466873915017845720142522328, 648033164766224368376473551597, 948318935898229848268544627168)', '{660393973766107510216807129380: [214630853397854190567637385417]}', '0');
INSERT INTO `miners` VALUES ('2', '(418922547372976813267220810928, 155994433412295948559655408802, 407121730208653798673219508908, 660393973766107510216807129380, 515021880665744235830302464551, 833250450433143973327992403359, 938278453834771504621561629546, 447201451712576843905543816747, 214630853397854190567637385417, 550063660374069990632151577503, 459466873915017845720142522328, 839555077567672748680726883757, 948318935898229848268544627168)', '{}', '0');
INSERT INTO `miners` VALUES ('3', '(418922547372976813267220810928, 155994433412295948559655408802, 515021880665744235830302464551, 938278453834771504621561629546, 407121730208653798673219508908, 447201451712576843905543816747, 660393973766107510216807129380, 833250450433143973327992403359, 214630853397854190567637385417, 550063660374069990632151577503, 459466873915017845720142522328, 648033164766224368376473551597, 948318935898229848268544627168)', '{550063660374069990632151577503: [459466873915017845720142522328], 459466873915017845720142522328: [648033164766224368376473551597]}', '0');
INSERT INTO `miners` VALUES ('5', '(418922547372976813267220810928, 155994433412295948559655408802, 407121730208653798673219508908, 660393973766107510216807129380, 515021880665744235830302464551, 938278453834771504621561629546, 833250450433143973327992403359, 447201451712576843905543816747, 214630853397854190567637385417, 550063660374069990632151577503, 459466873915017845720142522328, 839555077567672748680726883757, 948318935898229848268544627168)', '{459466873915017845720142522328: [839555077567672748680726883757]}', '0');
INSERT INTO `miners` VALUES ('7', '(418922547372976813267220810928, 155994433412295948559655408802, 515021880665744235830302464551, 407121730208653798673219508908, 660393973766107510216807129380, 214630853397854190567637385417, 938278453834771504621561629546, 833250450433143973327992403359, 447201451712576843905543816747, 550063660374069990632151577503, 459466873915017845720142522328, 948318935898229848268544627168)', '{660393973766107510216807129380: [214630853397854190567637385417]}', '0');
INSERT INTO `miners` VALUES ('9', '(418922547372976813267220810928, 155994433412295948559655408802, 407121730208653798673219508908, 660393973766107510216807129380, 515021880665744235830302464551, 833250450433143973327992403359, 938278453834771504621561629546, 447201451712576843905543816747, 214630853397854190567637385417, 948318935898229848268544627168)', '{550063660374069990632151577503: [459466873915017845720142522328]}', '0');

-- ----------------------------
-- Table structure for msg_receival
-- ----------------------------
DROP TABLE IF EXISTS `msg_receival`;
CREATE TABLE `msg_receival` (
  `miner_id` tinyint(2) NOT NULL,
  `msg_type` varchar(20) DEFAULT NULL COMMENT '区块block，投票vote',
  `msg_id` varchar(50) NOT NULL COMMENT '区块的哈希或者投票的哈希',
  `receive_time` int(11) DEFAULT NULL,
  PRIMARY KEY (`miner_id`,`msg_id`)
) ENGINE=MyISAM DEFAULT CHARSET=utf8;

-- ----------------------------
-- Records of msg_receival
-- ----------------------------
INSERT INTO `msg_receival` VALUES ('0', 'block', '155994433412295948559655408802', '101');
INSERT INTO `msg_receival` VALUES ('1', 'block', '155994433412295948559655408802', '224');
INSERT INTO `msg_receival` VALUES ('2', 'block', '155994433412295948559655408802', '165');
INSERT INTO `msg_receival` VALUES ('3', 'block', '155994433412295948559655408802', '120');
INSERT INTO `msg_receival` VALUES ('4', 'block', '155994433412295948559655408802', '178');
INSERT INTO `msg_receival` VALUES ('5', 'block', '155994433412295948559655408802', '274');
INSERT INTO `msg_receival` VALUES ('6', 'block', '155994433412295948559655408802', '190');
INSERT INTO `msg_receival` VALUES ('7', 'block', '155994433412295948559655408802', '163');
INSERT INTO `msg_receival` VALUES ('8', 'block', '155994433412295948559655408802', '208');
INSERT INTO `msg_receival` VALUES ('9', 'block', '155994433412295948559655408802', '179');
INSERT INTO `msg_receival` VALUES ('6', 'block', '407121730208653798673219508908', '201');
INSERT INTO `msg_receival` VALUES ('4', 'block', '407121730208653798673219508908', '216');
INSERT INTO `msg_receival` VALUES ('8', 'block', '407121730208653798673219508908', '236');
INSERT INTO `msg_receival` VALUES ('4', 'block', '660393973766107510216807129380', '301');
INSERT INTO `msg_receival` VALUES ('6', 'block', '660393973766107510216807129380', '326');
INSERT INTO `msg_receival` VALUES ('8', 'block', '660393973766107510216807129380', '349');
INSERT INTO `msg_receival` VALUES ('0', 'block', '407121730208653798673219508908', '522');
INSERT INTO `msg_receival` VALUES ('1', 'block', '407121730208653798673219508908', '740');
INSERT INTO `msg_receival` VALUES ('2', 'block', '407121730208653798673219508908', '410');
INSERT INTO `msg_receival` VALUES ('3', 'block', '407121730208653798673219508908', '715');
INSERT INTO `msg_receival` VALUES ('5', 'block', '407121730208653798673219508908', '505');
INSERT INTO `msg_receival` VALUES ('7', 'block', '407121730208653798673219508908', '613');
INSERT INTO `msg_receival` VALUES ('9', 'block', '407121730208653798673219508908', '464');
INSERT INTO `msg_receival` VALUES ('0', 'block', '660393973766107510216807129380', '1245');
INSERT INTO `msg_receival` VALUES ('1', 'block', '660393973766107510216807129380', '648');
INSERT INTO `msg_receival` VALUES ('2', 'block', '660393973766107510216807129380', '326');
INSERT INTO `msg_receival` VALUES ('3', 'block', '660393973766107510216807129380', '826');
INSERT INTO `msg_receival` VALUES ('5', 'block', '660393973766107510216807129380', '414');
INSERT INTO `msg_receival` VALUES ('7', 'block', '660393973766107510216807129380', '328');
INSERT INTO `msg_receival` VALUES ('9', 'block', '660393973766107510216807129380', '513');
INSERT INTO `msg_receival` VALUES ('8', 'block', '214630853397854190567637385417', '401');
INSERT INTO `msg_receival` VALUES ('4', 'block', '214630853397854190567637385417', '509');
INSERT INTO `msg_receival` VALUES ('6', 'block', '214630853397854190567637385417', '430');
INSERT INTO `msg_receival` VALUES ('0', 'block', '214630853397854190567637385417', '486');
INSERT INTO `msg_receival` VALUES ('1', 'block', '214630853397854190567637385417', '432');
INSERT INTO `msg_receival` VALUES ('2', 'block', '214630853397854190567637385417', '1188');
INSERT INTO `msg_receival` VALUES ('3', 'block', '214630853397854190567637385417', '1209');
INSERT INTO `msg_receival` VALUES ('5', 'block', '214630853397854190567637385417', '1005');
INSERT INTO `msg_receival` VALUES ('7', 'block', '214630853397854190567637385417', '572');
INSERT INTO `msg_receival` VALUES ('9', 'block', '214630853397854190567637385417', '1100');
INSERT INTO `msg_receival` VALUES ('0', 'block', '515021880665744235830302464551', '501');
INSERT INTO `msg_receival` VALUES ('1', 'block', '515021880665744235830302464551', '568');
INSERT INTO `msg_receival` VALUES ('2', 'block', '515021880665744235830302464551', '592');
INSERT INTO `msg_receival` VALUES ('3', 'block', '515021880665744235830302464551', '530');
INSERT INTO `msg_receival` VALUES ('4', 'block', '515021880665744235830302464551', '580');
INSERT INTO `msg_receival` VALUES ('5', 'block', '515021880665744235830302464551', '521');
INSERT INTO `msg_receival` VALUES ('6', 'block', '515021880665744235830302464551', '552');
INSERT INTO `msg_receival` VALUES ('7', 'block', '515021880665744235830302464551', '514');
INSERT INTO `msg_receival` VALUES ('8', 'block', '515021880665744235830302464551', '571');
INSERT INTO `msg_receival` VALUES ('9', 'block', '515021880665744235830302464551', '524');
INSERT INTO `msg_receival` VALUES ('6', 'block', '833250450433143973327992403359', '501');
INSERT INTO `msg_receival` VALUES ('4', 'block', '833250450433143973327992403359', '794');
INSERT INTO `msg_receival` VALUES ('8', 'block', '833250450433143973327992403359', '502');
INSERT INTO `msg_receival` VALUES ('0', 'block', '833250450433143973327992403359', '580');
INSERT INTO `msg_receival` VALUES ('1', 'block', '833250450433143973327992403359', '720');
INSERT INTO `msg_receival` VALUES ('2', 'block', '833250450433143973327992403359', '563');
INSERT INTO `msg_receival` VALUES ('3', 'block', '833250450433143973327992403359', '1068');
INSERT INTO `msg_receival` VALUES ('5', 'block', '833250450433143973327992403359', '720');
INSERT INTO `msg_receival` VALUES ('7', 'block', '833250450433143973327992403359', '746');
INSERT INTO `msg_receival` VALUES ('9', 'block', '833250450433143973327992403359', '537');
INSERT INTO `msg_receival` VALUES ('0', 'block', '938278453834771504621561629546', '601');
INSERT INTO `msg_receival` VALUES ('1', 'block', '938278453834771504621561629546', '983');
INSERT INTO `msg_receival` VALUES ('2', 'block', '938278453834771504621561629546', '668');
INSERT INTO `msg_receival` VALUES ('3', 'block', '938278453834771504621561629546', '602');
INSERT INTO `msg_receival` VALUES ('4', 'block', '938278453834771504621561629546', '861');
INSERT INTO `msg_receival` VALUES ('5', 'block', '938278453834771504621561629546', '644');
INSERT INTO `msg_receival` VALUES ('6', 'block', '938278453834771504621561629546', '611');
INSERT INTO `msg_receival` VALUES ('7', 'block', '938278453834771504621561629546', '611');
INSERT INTO `msg_receival` VALUES ('8', 'block', '938278453834771504621561629546', '663');
INSERT INTO `msg_receival` VALUES ('9', 'block', '938278453834771504621561629546', '620');
INSERT INTO `msg_receival` VALUES ('0', 'block', '447201451712576843905543816747', '701');
INSERT INTO `msg_receival` VALUES ('1', 'block', '447201451712576843905543816747', '737');
INSERT INTO `msg_receival` VALUES ('2', 'block', '447201451712576843905543816747', '871');
INSERT INTO `msg_receival` VALUES ('3', 'block', '447201451712576843905543816747', '753');
INSERT INTO `msg_receival` VALUES ('4', 'block', '447201451712576843905543816747', '707');
INSERT INTO `msg_receival` VALUES ('5', 'block', '447201451712576843905543816747', '864');
INSERT INTO `msg_receival` VALUES ('6', 'block', '447201451712576843905543816747', '776');
INSERT INTO `msg_receival` VALUES ('7', 'block', '447201451712576843905543816747', '759');
INSERT INTO `msg_receival` VALUES ('8', 'block', '447201451712576843905543816747', '1344');
INSERT INTO `msg_receival` VALUES ('9', 'block', '447201451712576843905543816747', '730');
INSERT INTO `msg_receival` VALUES ('6', 'block', '550063660374069990632151577503', '701');
INSERT INTO `msg_receival` VALUES ('4', 'block', '550063660374069990632151577503', '830');
INSERT INTO `msg_receival` VALUES ('8', 'block', '550063660374069990632151577503', '894');
INSERT INTO `msg_receival` VALUES ('0', 'block', '550063660374069990632151577503', '988');
INSERT INTO `msg_receival` VALUES ('1', 'block', '550063660374069990632151577503', '1245');
INSERT INTO `msg_receival` VALUES ('2', 'block', '550063660374069990632151577503', '1071');
INSERT INTO `msg_receival` VALUES ('3', 'block', '550063660374069990632151577503', '737');
INSERT INTO `msg_receival` VALUES ('5', 'block', '550063660374069990632151577503', '1127');
INSERT INTO `msg_receival` VALUES ('7', 'block', '550063660374069990632151577503', '765');
INSERT INTO `msg_receival` VALUES ('9', 'block', '550063660374069990632151577503', '1407');
INSERT INTO `msg_receival` VALUES ('4', 'block', '459466873915017845720142522328', '901');
INSERT INTO `msg_receival` VALUES ('6', 'block', '459466873915017845720142522328', '941');
INSERT INTO `msg_receival` VALUES ('8', 'block', '459466873915017845720142522328', '918');
INSERT INTO `msg_receival` VALUES ('0', 'block', '459466873915017845720142522328', '1312');
INSERT INTO `msg_receival` VALUES ('1', 'block', '459466873915017845720142522328', '1143');
INSERT INTO `msg_receival` VALUES ('2', 'block', '459466873915017845720142522328', '1101');
INSERT INTO `msg_receival` VALUES ('3', 'block', '459466873915017845720142522328', '902');
INSERT INTO `msg_receival` VALUES ('5', 'block', '459466873915017845720142522328', '954');
INSERT INTO `msg_receival` VALUES ('7', 'block', '459466873915017845720142522328', '973');
INSERT INTO `msg_receival` VALUES ('9', 'block', '459466873915017845720142522328', '1222');
INSERT INTO `msg_receival` VALUES ('8', 'block', '839555077567672748680726883757', '1001');
INSERT INTO `msg_receival` VALUES ('4', 'block', '839555077567672748680726883757', '1150');
INSERT INTO `msg_receival` VALUES ('6', 'block', '839555077567672748680726883757', '1093');
INSERT INTO `msg_receival` VALUES ('0', 'block', '839555077567672748680726883757', '1229');
INSERT INTO `msg_receival` VALUES ('1', 'block', '839555077567672748680726883757', '1360');
INSERT INTO `msg_receival` VALUES ('2', 'block', '839555077567672748680726883757', '1276');
INSERT INTO `msg_receival` VALUES ('3', 'block', '839555077567672748680726883757', '1474');
INSERT INTO `msg_receival` VALUES ('5', 'block', '839555077567672748680726883757', '1058');
INSERT INTO `msg_receival` VALUES ('7', 'block', '839555077567672748680726883757', '1622');
INSERT INTO `msg_receival` VALUES ('9', 'block', '839555077567672748680726883757', '1376');
INSERT INTO `msg_receival` VALUES ('6', 'block', '648033164766224368376473551597', '1101');
INSERT INTO `msg_receival` VALUES ('4', 'block', '648033164766224368376473551597', '1144');
INSERT INTO `msg_receival` VALUES ('8', 'block', '648033164766224368376473551597', '1112');
INSERT INTO `msg_receival` VALUES ('0', 'block', '648033164766224368376473551597', '1731');
INSERT INTO `msg_receival` VALUES ('1', 'block', '648033164766224368376473551597', '1267');
INSERT INTO `msg_receival` VALUES ('2', 'block', '648033164766224368376473551597', '1305');
INSERT INTO `msg_receival` VALUES ('3', 'block', '648033164766224368376473551597', '1139');
INSERT INTO `msg_receival` VALUES ('5', 'block', '648033164766224368376473551597', '1444');
INSERT INTO `msg_receival` VALUES ('7', 'block', '648033164766224368376473551597', '1786');
INSERT INTO `msg_receival` VALUES ('9', 'block', '648033164766224368376473551597', '1610');
INSERT INTO `msg_receival` VALUES ('9', 'block', '948318935898229848268544627168', '1201');
INSERT INTO `msg_receival` VALUES ('0', 'block', '948318935898229848268544627168', '1235');
INSERT INTO `msg_receival` VALUES ('1', 'block', '948318935898229848268544627168', '1240');
INSERT INTO `msg_receival` VALUES ('2', 'block', '948318935898229848268544627168', '1202');
INSERT INTO `msg_receival` VALUES ('3', 'block', '948318935898229848268544627168', '1220');
INSERT INTO `msg_receival` VALUES ('4', 'block', '948318935898229848268544627168', '1209');
INSERT INTO `msg_receival` VALUES ('5', 'block', '948318935898229848268544627168', '1258');
INSERT INTO `msg_receival` VALUES ('6', 'block', '948318935898229848268544627168', '1215');
INSERT INTO `msg_receival` VALUES ('7', 'block', '948318935898229848268544627168', '1286');
INSERT INTO `msg_receival` VALUES ('8', 'block', '948318935898229848268544627168', '1271');
INSERT INTO `msg_receival` VALUES ('0', 'block', '417238525252895547656748354627', '1301');
INSERT INTO `msg_receival` VALUES ('1', 'block', '417238525252895547656748354627', '1310');
INSERT INTO `msg_receival` VALUES ('2', 'block', '417238525252895547656748354627', '1465');
INSERT INTO `msg_receival` VALUES ('3', 'block', '417238525252895547656748354627', '1335');
INSERT INTO `msg_receival` VALUES ('4', 'block', '417238525252895547656748354627', '1418');
INSERT INTO `msg_receival` VALUES ('5', 'block', '417238525252895547656748354627', '1347');
INSERT INTO `msg_receival` VALUES ('6', 'block', '417238525252895547656748354627', '1315');
INSERT INTO `msg_receival` VALUES ('7', 'block', '417238525252895547656748354627', '1323');
INSERT INTO `msg_receival` VALUES ('8', 'block', '417238525252895547656748354627', '1342');
INSERT INTO `msg_receival` VALUES ('9', 'block', '417238525252895547656748354627', '1612');
INSERT INTO `msg_receival` VALUES ('6', 'block', '963713993166186804578444129127', '1301');
INSERT INTO `msg_receival` VALUES ('4', 'block', '963713993166186804578444129127', '1303');
INSERT INTO `msg_receival` VALUES ('8', 'block', '963713993166186804578444129127', '1441');

-- ----------------------------
-- Table structure for transfer
-- ----------------------------
DROP TABLE IF EXISTS `transfer`;
CREATE TABLE `transfer` (
  `sender_id` tinyint(2) NOT NULL,
  `receiver_id` tinyint(2) NOT NULL,
  `stake` varchar(20) DEFAULT NULL,
  `is_copied` tinyint(2) DEFAULT NULL
) ENGINE=MyISAM DEFAULT CHARSET=utf8;

-- ----------------------------
-- Records of transfer
-- ----------------------------
INSERT INTO `transfer` VALUES ('0', '6', '0.0', '1');
INSERT INTO `transfer` VALUES ('0', '7', '0.0', '1');
INSERT INTO `transfer` VALUES ('0', '5', '0.0', '1');
INSERT INTO `transfer` VALUES ('0', '0', '0.0', '1');
INSERT INTO `transfer` VALUES ('9', '4', '0.0', '1');
INSERT INTO `transfer` VALUES ('0', '2', '0.0', '0');
