/*
Navicat MySQL Data Transfer

Source Server         : attack
Source Server Version : 50726
Source Host           : localhost:3306
Source Database       : attack

Target Server Type    : MYSQL
Target Server Version : 50726
File Encoding         : 65001

Date: 2020-05-26 11:54:59
*/

SET FOREIGN_KEY_CHECKS=0;

-- ----------------------------
-- Table structure for block
-- ----------------------------
DROP TABLE IF EXISTS `block`;
CREATE TABLE `block` (
  `hash` varchar(50) NOT NULL,
  `type` varchar(20) DEFAULT NULL COMMENT 'stale-空区块，regular-正常区块',
  `stake` text,
  `pre_hash` varchar(50) DEFAULT NULL,
  `height` int(11) DEFAULT NULL COMMENT '在区块链中的高度',
  `is_in_attack_chain` tinyint(1) DEFAULT NULL COMMENT '1是，0不是',
  `voting_power` text,
  `accu_regular_num` int(10) DEFAULT NULL,
  `attacker_ratio` varchar(10) DEFAULT NULL,
  `N` int(11) DEFAULT NULL,
  PRIMARY KEY (`hash`)
) ENGINE=MyISAM DEFAULT CHARSET=utf8;

-- ----------------------------
-- Records of block
-- ----------------------------
INSERT INTO `block` VALUES ('359027965494355908648620562644', 'regular', '[0.03636777, 0.05409791, 0.19613114, 0.08505615, 0.25031142, 0.01447383, 0.06391899, 0.05140642, 0.06299824, 0.18523808]', '359027965494355908648620562644', '0', '2', '[0.03636777, 0.05409791, 0.19613114, 0.08505615, 0.25031142, 0.01447383, 0.06391899, 0.05140642, 0.06299824, 0.18523808]', '1', '0.35865936', '0');
INSERT INTO `block` VALUES ('348383103825350020728724638651', 'regular', '[0.03636777, 0.05409791, 0.19613114, 0.08505615, 0.25031142, 0.01447383, 0.06391899, 0.05140642, 0.06299824, 0.18523808]', '359027965494355908648620562644', '1', '0', '[0.07273554, 0.10819582, 0.39226228, 0.1701123, -0.49937711, 0.02894766, 0.12783798, 0.10281284, 0.12599648, 0.37047616]', '2', '0.35865936', '0');
INSERT INTO `block` VALUES ('91915478979601547674151711447', 'regular', '[0.03636777, 0.05409791, 0.24613114, 0.08505615, 0.20031142, 0.01447383, 0.06391899, 0.05140642, 0.06299824, 0.18523808]', '359027965494355908648620562644', '1', '1', '0', '2', '0.40865936', '1');
INSERT INTO `block` VALUES ('854230418265433196222012268752', 'regular', '[0.03636777, 0.05409791, 0.19613114, 0.08505615, 0.25031142, 0.01447383, 0.06391898, 0.05140642, 0.06299824, 0.18523808]', '119570890069034739761024529925', '5', '0', '[0.3636777, 0.5409791, -0.03868849, -0.14943845, 0.50311431, 0.1447383, -0.36081009, 0.5140642, -0.37001754, -0.14761909]', '6', '0.35865936', '9');
INSERT INTO `block` VALUES ('664769624321734215950457288288', 'regular', '[0.03636777, 0.05409791, 0.19613114, 0.08505615, 0.25031142, 0.01447383, 0.06391899, 0.05140642, 0.06299824, 0.18523808]', '348383103825350020728724638651', '2', '0', '[0.14547108, 0.21639164, -0.21547539, 0.3402246, 0.00124573, 0.05789532, 0.25567596, 0.20562568, 0.25199296, -0.25904763]', '3', '0.35865936', '2');
INSERT INTO `block` VALUES ('914741476777358005013168039247', 'regular', '[0.03636777, 0.05409791, 0.24613114, 0.13505614, 0.20031142, 0.01447383, 0.06391899, 0.05140642, 0.06299824, 0.13523807]', '91915478979601547674151711447', '2', '1', '0', '3', '0.45865935', '3');
INSERT INTO `block` VALUES ('955239259790899441224238341956', 'regular', '[0.03636777, 0.05409791, 0.19613114, 0.08505615, 0.25031142, 0.01447383, 0.06391898, 0.05140642, 0.06299824, 0.18523808]', '664769624321734215950457288288', '3', '0', '[0.21820662, 0.32458746, 0.17678689, -0.48966305, 0.50186857, 0.08684298, -0.61648601, 0.30843852, 0.37798944, 0.11142853]', '4', '0.35865936', '4');
INSERT INTO `block` VALUES ('594623906910134144438008333080', 'regular', '[0.03636777, 0.05409791, 0.19613114, 0.08505615, 0.25031142, 0.01447383, 0.06391898, 0.05140642, 0.06299824, 0.18523808]', '664769624321734215950457288288', '3', '0', '[0.25457439, 0.37868537, 0.37291803, -0.4046069, -0.24781995, 0.10131681, -0.55256703, 0.35984494, 0.44098768, 0.29666661]', '4', '0.35865936', '5');
INSERT INTO `block` VALUES ('358197076963444812881751112013', 'regular', '[0.03636777, 0.05409791, 0.24613114, 0.13505614, 0.20031142, 0.01447383, 0.01391898, 0.05140642, 0.11299824, 0.13523807]', '914741476777358005013168039247', '3', '1', '0', '4', '0.50865935', '5');
INSERT INTO `block` VALUES ('489585542177726183327522703225', 'regular', '[0.03636777, 0.05409791, 0.29613114, 0.13505614, 0.15031141, 0.01447383, 0.01391898, 0.05140642, 0.11299824, 0.13523807]', '358197076963444812881751112013', '4', '1', '0', '5', '0.55865935', '6');
INSERT INTO `block` VALUES ('119570890069034739761024529925', 'regular', '[0.03636777, 0.05409791, 0.19613114, 0.08505615, 0.25031142, 0.01447383, 0.06391898, 0.05140642, 0.06299824, 0.18523808]', '955239259790899441224238341956', '4', '0', '[0.32730993, 0.48688119, 0.1151804, -0.03449462, -0.09719712, 0.13026447, -0.52472905, 0.46265778, -0.33301576, 0.46714273]', '5', '0.35865936', '7');
INSERT INTO `block` VALUES ('122308042135179166161645392388', 'regular', '[0.03636777, 0.05409791, 0.34613114, 0.13505614, 0.10031141, 0.01447383, 0.01391898, 0.05140642, 0.11299824, 0.13523807]', '489585542177726183327522703225', '5', '1', '0', '6', '0.60865935', '9');
INSERT INTO `block` VALUES ('152314751982845801302913430858', 'regular', '[0.03636777, 0.05409791, 0.19613114, 0.08505615, 0.25031142, 0.01447383, 0.06391898, 0.05140642, 0.06299824, 0.18523808]', '119570890069034739761024529925', '5', '0', '[0.40004547, -0.40492293, 0.15744265, -0.0643823, 0.75342573, 0.15921213, -0.29689111, 0.56547062, -0.3070193, 0.03761899]', '6', '0.35865936', '10');
INSERT INTO `block` VALUES ('656308477171474070005209957715', 'regular', '[0.03636777, 0.05409791, 0.19613114, 0.08505615, 0.25031142, 0.01447383, 0.06391898, 0.05140642, 0.06299824, 0.18523808]', '854230418265433196222012268752', '6', '0', '[0.43641324, -0.35082502, 0.35357379, 0.02067385, 0.00373721, 0.17368596, -0.23297213, 0.61687704, -0.24402106, 0.22285707]', '7', '0.35865936', '11');
INSERT INTO `block` VALUES ('888356547851547119261593080175', 'regular', '[0.03636777, 0.05409791, 0.34613114, 0.18505613, 0.10031141, 0.01447383, 0.01391898, 0.05140642, 0.11299824, 0.08523806]', '122308042135179166161645392388', '6', '1', '0', '7', '0.65865934', '11');
INSERT INTO `block` VALUES ('976056638636662950520535449120', 'regular', '[0.03636777, 0.05409791, 0.19613114, 0.08505615, 0.25031142, 0.01447383, 0.06391898, 0.05140642, 0.06299824, 0.18523808]', '656308477171474070005209957715', '7', '0', '[0.47278101, -0.29672711, 0.54970493, 0.10573, 0.25404863, 0.18815979, -0.16905315, -0.33171648, -0.18102282, 0.40809515]', '8', '0.35865936', '12');
INSERT INTO `block` VALUES ('767065310426371201751490475083', 'regular', '[0.03636777, 0.0040979, 0.39613114, 0.18505613, 0.10031141, 0.01447383, 0.01391898, 0.05140642, 0.11299824, 0.08523806]', '888356547851547119261593080175', '7', '1', '0', '8', '0.70865934', '12');
INSERT INTO `block` VALUES ('694217211932567781432315414966', 'regular', '[0.03636777, 0.05409791, 0.19613114, 0.08505615, 0.25031142, 0.01447383, 0.06391898, 0.05140642, 0.06299824, 0.18523808]', '976056638636662950520535449120', '8', '0', '[0.54551655, -0.18853129, -0.05803273, 0.2758423, 0.75467147, 0.21710745, -0.04121519, -0.22890364, -0.05502634, -0.22142863]', '9', '0.35865936', '14');
INSERT INTO `block` VALUES ('216630943285680260585456311064', 'regular', '[0.03636777, 0.05409791, 0.19613114, 0.08505615, 0.25031142, 0.01447383, 0.06391898, 0.05140642, 0.06299824, 0.18523808]', '976056638636662950520535449120', '8', '0', '[0.58188432, -0.13443338, 0.13809841, 0.36089845, 0.00498295, 0.23158128, 0.02270379, -0.17749722, 0.0079719, -0.03619055]', '9', '0.35865936', '15');
INSERT INTO `block` VALUES ('25898774388134941306893948544', 'regular', '[0.03636777, 0.0040979, 0.44613114, 0.18505613, 0.05031141, 0.01447383, 0.01391898, 0.05140642, 0.11299824, 0.08523806]', '767065310426371201751490475083', '8', '1', '0', '9', '0.75865934', '15');
INSERT INTO `block` VALUES ('807636648662520780616395040027', 'regular', '[0.03636777, 0.05409791, 0.19613114, 0.08505615, 0.25031142, 0.01447383, 0.06391898, 0.05140642, 0.06299824, 0.18523808]', '694217211932567781432315414966', '9', '0', '[-0.38174785, -0.08033547, 0.33422955, 0.4459546, 0.25529437, 0.24605511, 0.08662277, -0.1260908, 0.07097014, 0.14904753]', '10', '0.35865936', '16');
INSERT INTO `block` VALUES ('742957641865312868149803960258', 'regular', '[0.03636777, 0.0040979, 0.44613114, 0.18505613, 0.05031141, 0.01447383, 0.01391898, 0.00140641, 0.16299824, 0.08523806]', '25898774388134941306893948544', '9', '1', '[-0.30901225, -0.22213967, 0.82649213, 0.61606683, -0.0940829, 0.27500277, -0.38553925, -0.07327794, -0.15303323, 0.51952346]', '10', '0.80865934', '16');

-- ----------------------------
-- Table structure for miners
-- ----------------------------
DROP TABLE IF EXISTS `miners`;
CREATE TABLE `miners` (
  `id` tinyint(2) NOT NULL,
  `processed` longtext,
  `dependencies` text,
  `is_attacker` tinyint(2) DEFAULT NULL,
  PRIMARY KEY (`id`)
) ENGINE=MyISAM DEFAULT CHARSET=utf8;

-- ----------------------------
-- Records of miners
-- ----------------------------
INSERT INTO `miners` VALUES ('2', '(359027965494355908648620562644, 348383103825350020728724638651, 664769624321734215950457288288, 955239259790899441224238341956, 119570890069034739761024529925, 594623906910134144438008333080, 854230418265433196222012268752, 152314751982845801302913430858, 656308477171474070005209957715);(359027965494355908648620562644, 91915478979601547674151711447, 914741476777358005013168039247, 358197076963444812881751112013, 489585542177726183327522703225, 122308042135179166161645392388, 888356547851547119261593080175, 767065310426371201751490475083, 25898774388134941306893948544)', '{976056638636662950520535449120: [694217211932567781432315414966]};{}', '1');
INSERT INTO `miners` VALUES ('3', '(359027965494355908648620562644, 348383103825350020728724638651, 664769624321734215950457288288, 955239259790899441224238341956, 594623906910134144438008333080, 119570890069034739761024529925, 854230418265433196222012268752, 152314751982845801302913430858, 656308477171474070005209957715, 976056638636662950520535449120, 694217211932567781432315414966, 216630943285680260585456311064);(359027965494355908648620562644, 91915478979601547674151711447, 914741476777358005013168039247, 358197076963444812881751112013, 489585542177726183327522703225, 122308042135179166161645392388, 888356547851547119261593080175, 767065310426371201751490475083, 25898774388134941306893948544)', '{};{}', '1');
INSERT INTO `miners` VALUES ('5', '(359027965494355908648620562644, 348383103825350020728724638651, 664769624321734215950457288288, 955239259790899441224238341956, 594623906910134144438008333080, 119570890069034739761024529925, 854230418265433196222012268752, 152314751982845801302913430858, 656308477171474070005209957715, 976056638636662950520535449120, 216630943285680260585456311064);(359027965494355908648620562644, 91915478979601547674151711447, 914741476777358005013168039247, 358197076963444812881751112013, 489585542177726183327522703225, 122308042135179166161645392388, 888356547851547119261593080175, 767065310426371201751490475083, 25898774388134941306893948544)', '{};{}', '1');
INSERT INTO `miners` VALUES ('8', '(359027965494355908648620562644, 348383103825350020728724638651, 664769624321734215950457288288, 594623906910134144438008333080, 955239259790899441224238341956, 119570890069034739761024529925, 854230418265433196222012268752, 152314751982845801302913430858, 656308477171474070005209957715, 976056638636662950520535449120, 694217211932567781432315414966, 216630943285680260585456311064);(359027965494355908648620562644, 91915478979601547674151711447, 914741476777358005013168039247, 358197076963444812881751112013, 489585542177726183327522703225, 122308042135179166161645392388, 888356547851547119261593080175, 767065310426371201751490475083, 25898774388134941306893948544)', '{};{}', '1');
INSERT INTO `miners` VALUES ('0', '(359027965494355908648620562644, 348383103825350020728724638651, 664769624321734215950457288288, 955239259790899441224238341956, 119570890069034739761024529925, 594623906910134144438008333080, 91915478979601547674151711447, 854230418265433196222012268752, 152314751982845801302913430858, 656308477171474070005209957715, 914741476777358005013168039247, 358197076963444812881751112013, 489585542177726183327522703225, 976056638636662950520535449120, 122308042135179166161645392388, 888356547851547119261593080175, 694217211932567781432315414966, 216630943285680260585456311064)', '{358197076963444812881751112013: [489585542177726183327522703225]}', '0');
INSERT INTO `miners` VALUES ('1', '(359027965494355908648620562644, 348383103825350020728724638651, 664769624321734215950457288288, 955239259790899441224238341956, 594623906910134144438008333080, 119570890069034739761024529925, 91915478979601547674151711447, 914741476777358005013168039247, 358197076963444812881751112013, 489585542177726183327522703225, 122308042135179166161645392388, 854230418265433196222012268752, 152314751982845801302913430858, 888356547851547119261593080175, 656308477171474070005209957715, 976056638636662950520535449120, 767065310426371201751490475083, 694217211932567781432315414966, 216630943285680260585456311064)', '{489585542177726183327522703225: [122308042135179166161645392388]}', '0');
INSERT INTO `miners` VALUES ('4', '(359027965494355908648620562644, 348383103825350020728724638651, 664769624321734215950457288288, 955239259790899441224238341956, 594623906910134144438008333080, 119570890069034739761024529925, 91915478979601547674151711447, 854230418265433196222012268752, 152314751982845801302913430858, 656308477171474070005209957715, 976056638636662950520535449120, 216630943285680260585456311064)', '{489585542177726183327522703225: [122308042135179166161645392388], 914741476777358005013168039247: [358197076963444812881751112013], 888356547851547119261593080175: [767065310426371201751490475083], 358197076963444812881751112013: [489585542177726183327522703225], 122308042135179166161645392388: [888356547851547119261593080175]}', '0');
INSERT INTO `miners` VALUES ('6', '(359027965494355908648620562644, 348383103825350020728724638651, 664769624321734215950457288288, 955239259790899441224238341956, 594623906910134144438008333080, 91915478979601547674151711447, 119570890069034739761024529925, 914741476777358005013168039247, 358197076963444812881751112013, 489585542177726183327522703225, 854230418265433196222012268752, 122308042135179166161645392388, 152314751982845801302913430858, 656308477171474070005209957715, 976056638636662950520535449120, 888356547851547119261593080175, 767065310426371201751490475083, 694217211932567781432315414966, 216630943285680260585456311064, 25898774388134941306893948544)', '{358197076963444812881751112013: [489585542177726183327522703225]}', '0');
INSERT INTO `miners` VALUES ('7', '(359027965494355908648620562644, 348383103825350020728724638651, 664769624321734215950457288288, 955239259790899441224238341956, 594623906910134144438008333080, 91915478979601547674151711447, 119570890069034739761024529925, 854230418265433196222012268752, 914741476777358005013168039247, 358197076963444812881751112013, 489585542177726183327522703225, 122308042135179166161645392388, 656308477171474070005209957715, 888356547851547119261593080175, 152314751982845801302913430858, 976056638636662950520535449120, 767065310426371201751490475083, 694217211932567781432315414966, 216630943285680260585456311064)', '{358197076963444812881751112013: [489585542177726183327522703225]}', '0');
INSERT INTO `miners` VALUES ('9', '(359027965494355908648620562644, 348383103825350020728724638651, 664769624321734215950457288288, 955239259790899441224238341956, 594623906910134144438008333080, 119570890069034739761024529925, 91915478979601547674151711447, 914741476777358005013168039247, 358197076963444812881751112013, 489585542177726183327522703225, 854230418265433196222012268752, 122308042135179166161645392388, 152314751982845801302913430858, 656308477171474070005209957715, 976056638636662950520535449120, 888356547851547119261593080175, 767065310426371201751490475083, 694217211932567781432315414966, 216630943285680260585456311064)', '{358197076963444812881751112013: [489585542177726183327522703225]}', '0');

-- ----------------------------
-- Table structure for msg_receival
-- ----------------------------
DROP TABLE IF EXISTS `msg_receival`;
CREATE TABLE `msg_receival` (
  `miner_id` tinyint(2) NOT NULL,
  `msg_type` varchar(20) DEFAULT NULL COMMENT '区块block，投票vote',
  `msg_id` varchar(50) NOT NULL COMMENT '区块的哈希或者投票的哈希',
  `receive_time` int(11) DEFAULT NULL,
  PRIMARY KEY (`miner_id`,`msg_id`)
) ENGINE=MyISAM DEFAULT CHARSET=utf8;

-- ----------------------------
-- Records of msg_receival
-- ----------------------------
INSERT INTO `msg_receival` VALUES ('4', 'block', '348383103825350020728724638651', '101');
INSERT INTO `msg_receival` VALUES ('0', 'block', '348383103825350020728724638651', '128');
INSERT INTO `msg_receival` VALUES ('1', 'block', '348383103825350020728724638651', '161');
INSERT INTO `msg_receival` VALUES ('2', 'block', '348383103825350020728724638651', '131');
INSERT INTO `msg_receival` VALUES ('3', 'block', '348383103825350020728724638651', '133');
INSERT INTO `msg_receival` VALUES ('5', 'block', '348383103825350020728724638651', '141');
INSERT INTO `msg_receival` VALUES ('6', 'block', '348383103825350020728724638651', '165');
INSERT INTO `msg_receival` VALUES ('7', 'block', '348383103825350020728724638651', '120');
INSERT INTO `msg_receival` VALUES ('8', 'block', '348383103825350020728724638651', '235');
INSERT INTO `msg_receival` VALUES ('9', 'block', '348383103825350020728724638651', '102');
INSERT INTO `msg_receival` VALUES ('2', 'block', '91915478979601547674151711447', '201');
INSERT INTO `msg_receival` VALUES ('3', 'block', '91915478979601547674151711447', '310');
INSERT INTO `msg_receival` VALUES ('5', 'block', '91915478979601547674151711447', '247');
INSERT INTO `msg_receival` VALUES ('8', 'block', '91915478979601547674151711447', '202');
INSERT INTO `msg_receival` VALUES ('9', 'block', '664769624321734215950457288288', '301');
INSERT INTO `msg_receival` VALUES ('0', 'block', '664769624321734215950457288288', '537');
INSERT INTO `msg_receival` VALUES ('1', 'block', '664769624321734215950457288288', '449');
INSERT INTO `msg_receival` VALUES ('2', 'block', '664769624321734215950457288288', '344');
INSERT INTO `msg_receival` VALUES ('3', 'block', '664769624321734215950457288288', '456');
INSERT INTO `msg_receival` VALUES ('4', 'block', '664769624321734215950457288288', '327');
INSERT INTO `msg_receival` VALUES ('5', 'block', '664769624321734215950457288288', '453');
INSERT INTO `msg_receival` VALUES ('6', 'block', '664769624321734215950457288288', '450');
INSERT INTO `msg_receival` VALUES ('7', 'block', '664769624321734215950457288288', '330');
INSERT INTO `msg_receival` VALUES ('8', 'block', '664769624321734215950457288288', '331');
INSERT INTO `msg_receival` VALUES ('3', 'block', '914741476777358005013168039247', '401');
INSERT INTO `msg_receival` VALUES ('2', 'block', '914741476777358005013168039247', '425');
INSERT INTO `msg_receival` VALUES ('5', 'block', '914741476777358005013168039247', '437');
INSERT INTO `msg_receival` VALUES ('8', 'block', '914741476777358005013168039247', '475');
INSERT INTO `msg_receival` VALUES ('6', 'block', '955239259790899441224238341956', '501');
INSERT INTO `msg_receival` VALUES ('0', 'block', '955239259790899441224238341956', '582');
INSERT INTO `msg_receival` VALUES ('1', 'block', '955239259790899441224238341956', '515');
INSERT INTO `msg_receival` VALUES ('2', 'block', '955239259790899441224238341956', '583');
INSERT INTO `msg_receival` VALUES ('3', 'block', '955239259790899441224238341956', '518');
INSERT INTO `msg_receival` VALUES ('4', 'block', '955239259790899441224238341956', '669');
INSERT INTO `msg_receival` VALUES ('5', 'block', '955239259790899441224238341956', '515');
INSERT INTO `msg_receival` VALUES ('7', 'block', '955239259790899441224238341956', '725');
INSERT INTO `msg_receival` VALUES ('8', 'block', '955239259790899441224238341956', '736');
INSERT INTO `msg_receival` VALUES ('9', 'block', '955239259790899441224238341956', '524');
INSERT INTO `msg_receival` VALUES ('4', 'block', '594623906910134144438008333080', '601');
INSERT INTO `msg_receival` VALUES ('0', 'block', '594623906910134144438008333080', '936');
INSERT INTO `msg_receival` VALUES ('1', 'block', '594623906910134144438008333080', '656');
INSERT INTO `msg_receival` VALUES ('2', 'block', '594623906910134144438008333080', '922');
INSERT INTO `msg_receival` VALUES ('3', 'block', '594623906910134144438008333080', '616');
INSERT INTO `msg_receival` VALUES ('5', 'block', '594623906910134144438008333080', '611');
INSERT INTO `msg_receival` VALUES ('6', 'block', '594623906910134144438008333080', '664');
INSERT INTO `msg_receival` VALUES ('7', 'block', '594623906910134144438008333080', '751');
INSERT INTO `msg_receival` VALUES ('8', 'block', '594623906910134144438008333080', '625');
INSERT INTO `msg_receival` VALUES ('9', 'block', '594623906910134144438008333080', '878');
INSERT INTO `msg_receival` VALUES ('8', 'block', '358197076963444812881751112013', '601');
INSERT INTO `msg_receival` VALUES ('2', 'block', '358197076963444812881751112013', '610');
INSERT INTO `msg_receival` VALUES ('3', 'block', '358197076963444812881751112013', '774');
INSERT INTO `msg_receival` VALUES ('5', 'block', '358197076963444812881751112013', '770');
INSERT INTO `msg_receival` VALUES ('2', 'block', '489585542177726183327522703225', '701');
INSERT INTO `msg_receival` VALUES ('3', 'block', '489585542177726183327522703225', '757');
INSERT INTO `msg_receival` VALUES ('5', 'block', '489585542177726183327522703225', '1018');
INSERT INTO `msg_receival` VALUES ('8', 'block', '489585542177726183327522703225', '819');
INSERT INTO `msg_receival` VALUES ('0', 'block', '91915478979601547674151711447', '1015');
INSERT INTO `msg_receival` VALUES ('1', 'block', '91915478979601547674151711447', '1170');
INSERT INTO `msg_receival` VALUES ('4', 'block', '91915478979601547674151711447', '911');
INSERT INTO `msg_receival` VALUES ('6', 'block', '91915478979601547674151711447', '906');
INSERT INTO `msg_receival` VALUES ('7', 'block', '91915478979601547674151711447', '891');
INSERT INTO `msg_receival` VALUES ('9', 'block', '91915478979601547674151711447', '971');
INSERT INTO `msg_receival` VALUES ('0', 'block', '914741476777358005013168039247', '1312');
INSERT INTO `msg_receival` VALUES ('1', 'block', '914741476777358005013168039247', '857');
INSERT INTO `msg_receival` VALUES ('4', 'block', '914741476777358005013168039247', '1812');
INSERT INTO `msg_receival` VALUES ('6', 'block', '914741476777358005013168039247', '1044');
INSERT INTO `msg_receival` VALUES ('7', 'block', '914741476777358005013168039247', '1188');
INSERT INTO `msg_receival` VALUES ('9', 'block', '914741476777358005013168039247', '1000');
INSERT INTO `msg_receival` VALUES ('0', 'block', '358197076963444812881751112013', '957');
INSERT INTO `msg_receival` VALUES ('1', 'block', '358197076963444812881751112013', '1108');
INSERT INTO `msg_receival` VALUES ('4', 'block', '358197076963444812881751112013', '1183');
INSERT INTO `msg_receival` VALUES ('6', 'block', '358197076963444812881751112013', '944');
INSERT INTO `msg_receival` VALUES ('7', 'block', '358197076963444812881751112013', '948');
INSERT INTO `msg_receival` VALUES ('9', 'block', '358197076963444812881751112013', '983');
INSERT INTO `msg_receival` VALUES ('0', 'block', '489585542177726183327522703225', '1022');
INSERT INTO `msg_receival` VALUES ('1', 'block', '489585542177726183327522703225', '714');
INSERT INTO `msg_receival` VALUES ('4', 'block', '489585542177726183327522703225', '1495');
INSERT INTO `msg_receival` VALUES ('6', 'block', '489585542177726183327522703225', '987');
INSERT INTO `msg_receival` VALUES ('7', 'block', '489585542177726183327522703225', '763');
INSERT INTO `msg_receival` VALUES ('9', 'block', '489585542177726183327522703225', '773');
INSERT INTO `msg_receival` VALUES ('4', 'block', '119570890069034739761024529925', '801');
INSERT INTO `msg_receival` VALUES ('0', 'block', '119570890069034739761024529925', '803');
INSERT INTO `msg_receival` VALUES ('1', 'block', '119570890069034739761024529925', '811');
INSERT INTO `msg_receival` VALUES ('2', 'block', '119570890069034739761024529925', '805');
INSERT INTO `msg_receival` VALUES ('3', 'block', '119570890069034739761024529925', '838');
INSERT INTO `msg_receival` VALUES ('5', 'block', '119570890069034739761024529925', '861');
INSERT INTO `msg_receival` VALUES ('6', 'block', '119570890069034739761024529925', '945');
INSERT INTO `msg_receival` VALUES ('7', 'block', '119570890069034739761024529925', '838');
INSERT INTO `msg_receival` VALUES ('8', 'block', '119570890069034739761024529925', '816');
INSERT INTO `msg_receival` VALUES ('9', 'block', '119570890069034739761024529925', '843');
INSERT INTO `msg_receival` VALUES ('9', 'block', '854230418265433196222012268752', '1001');
INSERT INTO `msg_receival` VALUES ('0', 'block', '854230418265433196222012268752', '1003');
INSERT INTO `msg_receival` VALUES ('1', 'block', '854230418265433196222012268752', '1125');
INSERT INTO `msg_receival` VALUES ('2', 'block', '854230418265433196222012268752', '1161');
INSERT INTO `msg_receival` VALUES ('3', 'block', '854230418265433196222012268752', '1135');
INSERT INTO `msg_receival` VALUES ('4', 'block', '854230418265433196222012268752', '1107');
INSERT INTO `msg_receival` VALUES ('5', 'block', '854230418265433196222012268752', '1001');
INSERT INTO `msg_receival` VALUES ('6', 'block', '854230418265433196222012268752', '1006');
INSERT INTO `msg_receival` VALUES ('7', 'block', '854230418265433196222012268752', '1002');
INSERT INTO `msg_receival` VALUES ('8', 'block', '854230418265433196222012268752', '1038');
INSERT INTO `msg_receival` VALUES ('2', 'block', '122308042135179166161645392388', '1001');
INSERT INTO `msg_receival` VALUES ('3', 'block', '122308042135179166161645392388', '1038');
INSERT INTO `msg_receival` VALUES ('5', 'block', '122308042135179166161645392388', '1029');
INSERT INTO `msg_receival` VALUES ('8', 'block', '122308042135179166161645392388', '1286');
INSERT INTO `msg_receival` VALUES ('0', 'block', '122308042135179166161645392388', '1462');
INSERT INTO `msg_receival` VALUES ('1', 'block', '122308042135179166161645392388', '1012');
INSERT INTO `msg_receival` VALUES ('4', 'block', '122308042135179166161645392388', '1029');
INSERT INTO `msg_receival` VALUES ('6', 'block', '122308042135179166161645392388', '1023');
INSERT INTO `msg_receival` VALUES ('7', 'block', '122308042135179166161645392388', '1159');
INSERT INTO `msg_receival` VALUES ('9', 'block', '122308042135179166161645392388', '1178');
INSERT INTO `msg_receival` VALUES ('1', 'block', '152314751982845801302913430858', '1101');
INSERT INTO `msg_receival` VALUES ('0', 'block', '152314751982845801302913430858', '1110');
INSERT INTO `msg_receival` VALUES ('2', 'block', '152314751982845801302913430858', '1188');
INSERT INTO `msg_receival` VALUES ('3', 'block', '152314751982845801302913430858', '1112');
INSERT INTO `msg_receival` VALUES ('4', 'block', '152314751982845801302913430858', '1113');
INSERT INTO `msg_receival` VALUES ('5', 'block', '152314751982845801302913430858', '1167');
INSERT INTO `msg_receival` VALUES ('6', 'block', '152314751982845801302913430858', '1160');
INSERT INTO `msg_receival` VALUES ('7', 'block', '152314751982845801302913430858', '1387');
INSERT INTO `msg_receival` VALUES ('8', 'block', '152314751982845801302913430858', '1175');
INSERT INTO `msg_receival` VALUES ('9', 'block', '152314751982845801302913430858', '1114');
INSERT INTO `msg_receival` VALUES ('4', 'block', '656308477171474070005209957715', '1201');
INSERT INTO `msg_receival` VALUES ('0', 'block', '656308477171474070005209957715', '1270');
INSERT INTO `msg_receival` VALUES ('1', 'block', '656308477171474070005209957715', '1324');
INSERT INTO `msg_receival` VALUES ('2', 'block', '656308477171474070005209957715', '1201');
INSERT INTO `msg_receival` VALUES ('3', 'block', '656308477171474070005209957715', '1272');
INSERT INTO `msg_receival` VALUES ('5', 'block', '656308477171474070005209957715', '1318');
INSERT INTO `msg_receival` VALUES ('6', 'block', '656308477171474070005209957715', '1255');
INSERT INTO `msg_receival` VALUES ('7', 'block', '656308477171474070005209957715', '1219');
INSERT INTO `msg_receival` VALUES ('8', 'block', '656308477171474070005209957715', '1385');
INSERT INTO `msg_receival` VALUES ('9', 'block', '656308477171474070005209957715', '1210');
INSERT INTO `msg_receival` VALUES ('3', 'block', '888356547851547119261593080175', '1201');
INSERT INTO `msg_receival` VALUES ('2', 'block', '888356547851547119261593080175', '1259');
INSERT INTO `msg_receival` VALUES ('5', 'block', '888356547851547119261593080175', '1247');
INSERT INTO `msg_receival` VALUES ('8', 'block', '888356547851547119261593080175', '1241');
INSERT INTO `msg_receival` VALUES ('0', 'block', '888356547851547119261593080175', '1424');
INSERT INTO `msg_receival` VALUES ('1', 'block', '888356547851547119261593080175', '1292');
INSERT INTO `msg_receival` VALUES ('4', 'block', '888356547851547119261593080175', '1648');
INSERT INTO `msg_receival` VALUES ('6', 'block', '888356547851547119261593080175', '1605');
INSERT INTO `msg_receival` VALUES ('7', 'block', '888356547851547119261593080175', '1226');
INSERT INTO `msg_receival` VALUES ('9', 'block', '888356547851547119261593080175', '1504');
INSERT INTO `msg_receival` VALUES ('7', 'block', '976056638636662950520535449120', '1301');
INSERT INTO `msg_receival` VALUES ('0', 'block', '976056638636662950520535449120', '1375');
INSERT INTO `msg_receival` VALUES ('1', 'block', '976056638636662950520535449120', '1352');
INSERT INTO `msg_receival` VALUES ('2', 'block', '976056638636662950520535449120', '1707');
INSERT INTO `msg_receival` VALUES ('3', 'block', '976056638636662950520535449120', '1522');
INSERT INTO `msg_receival` VALUES ('4', 'block', '976056638636662950520535449120', '1466');
INSERT INTO `msg_receival` VALUES ('5', 'block', '976056638636662950520535449120', '1306');
INSERT INTO `msg_receival` VALUES ('6', 'block', '976056638636662950520535449120', '1598');
INSERT INTO `msg_receival` VALUES ('8', 'block', '976056638636662950520535449120', '1314');
INSERT INTO `msg_receival` VALUES ('9', 'block', '976056638636662950520535449120', '1464');
INSERT INTO `msg_receival` VALUES ('2', 'block', '767065310426371201751490475083', '1301');
INSERT INTO `msg_receival` VALUES ('3', 'block', '767065310426371201751490475083', '1357');
INSERT INTO `msg_receival` VALUES ('5', 'block', '767065310426371201751490475083', '1454');
INSERT INTO `msg_receival` VALUES ('8', 'block', '767065310426371201751490475083', '1439');
INSERT INTO `msg_receival` VALUES ('0', 'block', '767065310426371201751490475083', '1772');
INSERT INTO `msg_receival` VALUES ('1', 'block', '767065310426371201751490475083', '1429');
INSERT INTO `msg_receival` VALUES ('4', 'block', '767065310426371201751490475083', '1337');
INSERT INTO `msg_receival` VALUES ('6', 'block', '767065310426371201751490475083', '1636');
INSERT INTO `msg_receival` VALUES ('7', 'block', '767065310426371201751490475083', '1334');
INSERT INTO `msg_receival` VALUES ('9', 'block', '767065310426371201751490475083', '1322');
INSERT INTO `msg_receival` VALUES ('9', 'block', '694217211932567781432315414966', '1501');
INSERT INTO `msg_receival` VALUES ('0', 'block', '694217211932567781432315414966', '1520');
INSERT INTO `msg_receival` VALUES ('1', 'block', '694217211932567781432315414966', '1571');
INSERT INTO `msg_receival` VALUES ('2', 'block', '694217211932567781432315414966', '1680');
INSERT INTO `msg_receival` VALUES ('3', 'block', '694217211932567781432315414966', '1671');
INSERT INTO `msg_receival` VALUES ('4', 'block', '694217211932567781432315414966', '1915');
INSERT INTO `msg_receival` VALUES ('5', 'block', '694217211932567781432315414966', '1862');
INSERT INTO `msg_receival` VALUES ('6', 'block', '694217211932567781432315414966', '1679');
INSERT INTO `msg_receival` VALUES ('7', 'block', '694217211932567781432315414966', '1532');
INSERT INTO `msg_receival` VALUES ('8', 'block', '694217211932567781432315414966', '1669');
INSERT INTO `msg_receival` VALUES ('4', 'block', '216630943285680260585456311064', '1601');
INSERT INTO `msg_receival` VALUES ('0', 'block', '216630943285680260585456311064', '1636');
INSERT INTO `msg_receival` VALUES ('1', 'block', '216630943285680260585456311064', '1629');
INSERT INTO `msg_receival` VALUES ('2', 'block', '216630943285680260585456311064', '1819');
INSERT INTO `msg_receival` VALUES ('3', 'block', '216630943285680260585456311064', '1699');
INSERT INTO `msg_receival` VALUES ('5', 'block', '216630943285680260585456311064', '1681');
INSERT INTO `msg_receival` VALUES ('6', 'block', '216630943285680260585456311064', '1612');
INSERT INTO `msg_receival` VALUES ('7', 'block', '216630943285680260585456311064', '1643');
INSERT INTO `msg_receival` VALUES ('8', 'block', '216630943285680260585456311064', '1619');
INSERT INTO `msg_receival` VALUES ('9', 'block', '216630943285680260585456311064', '1615');
INSERT INTO `msg_receival` VALUES ('2', 'block', '25898774388134941306893948544', '1601');
INSERT INTO `msg_receival` VALUES ('3', 'block', '25898774388134941306893948544', '1628');
INSERT INTO `msg_receival` VALUES ('5', 'block', '25898774388134941306893948544', '1630');
INSERT INTO `msg_receival` VALUES ('8', 'block', '25898774388134941306893948544', '1619');
INSERT INTO `msg_receival` VALUES ('0', 'block', '25898774388134941306893948544', '1847');
INSERT INTO `msg_receival` VALUES ('1', 'block', '25898774388134941306893948544', '2307');
INSERT INTO `msg_receival` VALUES ('4', 'block', '25898774388134941306893948544', '1759');
INSERT INTO `msg_receival` VALUES ('6', 'block', '25898774388134941306893948544', '1653');
INSERT INTO `msg_receival` VALUES ('7', 'block', '25898774388134941306893948544', '1862');
INSERT INTO `msg_receival` VALUES ('9', 'block', '25898774388134941306893948544', '2066');
INSERT INTO `msg_receival` VALUES ('0', 'block', '807636648662520780616395040027', '1701');
INSERT INTO `msg_receival` VALUES ('1', 'block', '807636648662520780616395040027', '1727');
INSERT INTO `msg_receival` VALUES ('2', 'block', '807636648662520780616395040027', '1988');
INSERT INTO `msg_receival` VALUES ('3', 'block', '807636648662520780616395040027', '1952');
INSERT INTO `msg_receival` VALUES ('4', 'block', '807636648662520780616395040027', '1890');
INSERT INTO `msg_receival` VALUES ('5', 'block', '807636648662520780616395040027', '1710');
INSERT INTO `msg_receival` VALUES ('6', 'block', '807636648662520780616395040027', '1729');
INSERT INTO `msg_receival` VALUES ('7', 'block', '807636648662520780616395040027', '1755');
INSERT INTO `msg_receival` VALUES ('8', 'block', '807636648662520780616395040027', '1760');
INSERT INTO `msg_receival` VALUES ('9', 'block', '807636648662520780616395040027', '1754');
INSERT INTO `msg_receival` VALUES ('8', 'block', '742957641865312868149803960258', '1701');
INSERT INTO `msg_receival` VALUES ('2', 'block', '742957641865312868149803960258', '1745');
INSERT INTO `msg_receival` VALUES ('3', 'block', '742957641865312868149803960258', '1800');
INSERT INTO `msg_receival` VALUES ('5', 'block', '742957641865312868149803960258', '1763');

-- ----------------------------
-- Table structure for transfer
-- ----------------------------
DROP TABLE IF EXISTS `transfer`;
CREATE TABLE `transfer` (
  `sender_id` tinyint(2) NOT NULL,
  `receiver_id` tinyint(2) NOT NULL,
  `stake` varchar(20) DEFAULT NULL,
  `is_copied` tinyint(2) DEFAULT NULL
) ENGINE=MyISAM DEFAULT CHARSET=utf8;

-- ----------------------------
-- Records of transfer
-- ----------------------------
INSERT INTO `transfer` VALUES ('4', '7', '0.0', '1');
INSERT INTO `transfer` VALUES ('9', '1', '0.0', '1');
INSERT INTO `transfer` VALUES ('6', '6', '0.0', '1');
INSERT INTO `transfer` VALUES ('4', '6', '0.0', '1');
INSERT INTO `transfer` VALUES ('4', '0', '0.0', '1');
INSERT INTO `transfer` VALUES ('9', '6', '0.0', '1');
INSERT INTO `transfer` VALUES ('1', '0', '0.0', '1');
INSERT INTO `transfer` VALUES ('4', '8', '0.0', '1');
INSERT INTO `transfer` VALUES ('7', '0', '0.0', '1');
INSERT INTO `transfer` VALUES ('9', '7', '0.0', '0');
INSERT INTO `transfer` VALUES ('4', '3', '0.0', '0');
INSERT INTO `transfer` VALUES ('0', '3', '0.0', '0');
