/*
Navicat MySQL Data Transfer

Source Server         : attack
Source Server Version : 50726
Source Host           : localhost:3306
Source Database       : attack

Target Server Type    : MYSQL
Target Server Version : 50726
File Encoding         : 65001

Date: 2020-05-26 10:43:45
*/

SET FOREIGN_KEY_CHECKS=0;

-- ----------------------------
-- Table structure for block
-- ----------------------------
DROP TABLE IF EXISTS `block`;
CREATE TABLE `block` (
  `hash` varchar(50) NOT NULL,
  `type` varchar(20) DEFAULT NULL COMMENT 'stale-空区块，regular-正常区块',
  `stake` text,
  `pre_hash` varchar(50) DEFAULT NULL,
  `height` int(11) DEFAULT NULL COMMENT '在区块链中的高度',
  `is_in_attack_chain` tinyint(1) DEFAULT NULL COMMENT '1是，0不是',
  `voting_power` text,
  `accu_regular_num` int(10) DEFAULT NULL,
  `attacker_ratio` varchar(10) DEFAULT NULL,
  `N` int(11) DEFAULT NULL,
  PRIMARY KEY (`hash`)
) ENGINE=MyISAM DEFAULT CHARSET=utf8;

-- ----------------------------
-- Records of block
-- ----------------------------
INSERT INTO `block` VALUES ('467200639183612552396192365039', 'regular', '[0.09700941, 0.16239336, 0.14281532, 0.12355423, 0.12650383, 0.045779, 0.07071823, 0.07178011, 0.14880768, 0.01063879]', '467200639183612552396192365039', '0', '2', '[0.09700941, 0.16239336, 0.14281532, 0.12355423, 0.12650383, 0.045779, 0.07071823, 0.07178011, 0.14880768, 0.01063879]', '1', '0.16772764', '0');
INSERT INTO `block` VALUES ('380702678245421175185032503248', 'regular', '[0.09700941, 0.16239335, 0.14281532, 0.12355423, 0.12650383, 0.045779, 0.07071823, 0.07178011, 0.14880768, 0.01063879]', '467200639183612552396192365039', '1', '0', '[0.19401882, -0.67521324, 0.28563064, 0.24710846, 0.25300766, 0.091558, 0.14143646, 0.14356022, 0.29761536, 0.02127758]', '2', '0.16772764', '0');
INSERT INTO `block` VALUES ('973107090728875606532551724214', 'regular', '[0.09700941, 0.16239335, 0.14281532, 0.12355423, 0.12650383, 0.045779, 0.07071823, 0.07178011, 0.14880768, 0.01063879]', '380702678245421175185032503248', '2', '0', '[0.29102823, -0.51281989, 0.42844596, 0.37066269, 0.37951149, 0.137337, 0.21215469, 0.21534033, -0.55357691, 0.03191637]', '3', '0.16772764', '1');
INSERT INTO `block` VALUES ('509086220582495532199624610934', 'regular', '[0.09700941, 0.16239335, 0.14281532, 0.12355423, 0.12650383, 0.045779, 0.07071823, 0.07178011, 0.14880768, 0.01063879]', '380702678245421175185032503248', '2', '0', '[0.38803764, -0.35042654, -0.42873867, 0.49421692, 0.50601532, 0.183116, 0.28287292, 0.28712044, -0.40476923, 0.04255516]', '3', '0.16772764', '2');
INSERT INTO `block` VALUES ('370491813592449375684507556876', 'regular', '[0.09700941, 0.16239335, 0.14281532, 0.12355423, 0.12650383, 0.045779, 0.07071823, 0.07178011, 0.14880768, 0.01063879]', '973107090728875606532551724214', '3', '0', '[0.48504705, -0.18803319, -0.28592335, 0.61777115, -0.3674808, 0.228895, 0.35359115, 0.35890055, -0.25596155, 0.05319395]', '4', '0.16772764', '3');
INSERT INTO `block` VALUES ('985757722301058633883920504906', 'regular', '[0.09700941, 0.16239335, 0.14281532, 0.12355423, 0.12650383, 0.045779, 0.07071823, 0.07178011, 0.14880768, 0.01063879]', '973107090728875606532551724214', '3', '0', '[0.58205646, -0.02563984, -0.14310803, -0.25867457, -0.24097697, 0.274674, 0.42430938, 0.43068066, -0.10715387, 0.06383274]', '4', '0.16772764', '4');
INSERT INTO `block` VALUES ('373161840170589759720407842374', 'regular', '[0.19700941, 0.06239335, 0.14281532, 0.12355423, 0.12650383, 0.045779, 0.07071823, 0.07178011, 0.14880768, 0.01063879]', '467200639183612552396192365039', '1', '1', '0', '2', '0.26772764', '5');
INSERT INTO `block` VALUES ('17833993729137249167705600418', 'regular', '[0.09700941, 0.16239335, 0.14281532, 0.12355423, 0.12650383, 0.045779, 0.07071823, 0.0717801, 0.14880768, 0.01063879]', '370491813592449375684507556876', '4', '0', '[-0.22392467, 0.29914686, 0.14252261, -0.01156611, 0.01203069, 0.366232, 0.56574584, -0.42575907, 0.19046149, 0.08511032]', '5', '0.16772764', '6');
INSERT INTO `block` VALUES ('852361193386732419621605448174', 'regular', '[0.19700941, 0.06239335, 0.14281532, 0.12355423, 0.12650383, 0.045779, 0.17071823, 0.07178011, 0.04880767, 0.01063879]', '373161840170589759720407842374', '2', '1', '0', '3', '0.36772764', '7');
INSERT INTO `block` VALUES ('380329191814085094940831287730', 'regular', '[0.09700941, 0.16239335, 0.14281532, 0.12355423, 0.12650383, 0.045779, 0.07071823, 0.0717801, 0.14880768, 0.01063879]', '17833993729137249167705600418', '5', '0', '[-0.02990585, -0.37606638, 0.42815325, 0.23554235, 0.26503835, 0.45779, -0.29281764, -0.28219887, 0.48807685, 0.1063879]', '6', '0.16772764', '8');
INSERT INTO `block` VALUES ('300992854633745729911435226520', 'regular', '[0.09700941, 0.16239335, 0.14281532, 0.12355423, 0.12650383, 0.045779, 0.07071823, 0.0717801, 0.14880768, 0.01063879]', '17833993729137249167705600418', '5', '0', '[0.06710356, -0.21367303, 0.57096857, 0.35909658, 0.39154218, 0.503569, -0.22209941, -0.21041877, -0.36311541, 0.11702669]', '6', '0.16772764', '9');
INSERT INTO `block` VALUES ('72219447456725597485020188335', 'regular', '[0.09700941, 0.16239335, 0.14281532, 0.12355423, 0.12650383, 0.045779, 0.07071823, 0.0717801, 0.14880768, 0.01063879]', '380329191814085094940831287730', '6', '0', '[0.16411297, -0.05127968, -0.28621605, 0.48265081, 0.51804601, 0.549348, -0.15138118, -0.13863867, -0.21430773, 0.12766548]', '7', '0.16772764', '10');
INSERT INTO `block` VALUES ('356190340222152737167810800353', 'regular', '[0.29700941, 0.06239335, 0.04281531, 0.12355423, 0.12650383, 0.045779, 0.17071823, 0.07178011, 0.04880767, 0.01063879]', '852361193386732419621605448174', '3', '1', '0', '4', '0.46772764', '10');
INSERT INTO `block` VALUES ('230456338513362127712802379717', 'regular', '[0.39700939, 0.06239335, 0.04281531, 0.02355422, 0.02650383, 0.045779, 0.27071823, 0.07178011, 0.04880767, 0.01063879]', '679366736825940019545584648741', '29', '1', '0', '30', '0.66772762', '55');
INSERT INTO `block` VALUES ('70251028786812071449494698843', 'regular', '[0.09700941, 0.16239335, 0.14281532, 0.12355423, 0.12650383, 0.045779, 0.07071823, 0.0717801, 0.14880768, 0.01063879]', '72219447456725597485020188335', '7', '0', '[0.26112238, 0.11111367, -0.14340073, 0.60620504, 0.64454984, -0.40487294, -0.08066295, -0.06685857, -0.06550005, 0.13830427]', '8', '0.16772764', '11');
INSERT INTO `block` VALUES ('610054754627317145012836858260', 'regular', '[0.09700941, 0.16239335, 0.14281532, 0.12355423, 0.12650383, 0.045779, 0.07071823, 0.0717801, 0.14880768, 0.01063879]', '380329191814085094940831287730', '6', '0', '[0.35813179, 0.27350702, -0.00058541, 0.72975927, -0.22894627, -0.35909394, -0.00994472, 0.00492153, 0.08330763, 0.14894306]', '7', '0.16772764', '12');
INSERT INTO `block` VALUES ('892109373587711590525044590332', 'regular', '[0.09700941, 0.16239335, 0.14281532, 0.12355423, 0.12650383, 0.045779, 0.07071823, 0.0717801, 0.14880768, 0.01063879]', '70251028786812071449494698843', '8', '0', '[0.4551412, 0.43590037, 0.14222991, -0.14668644, -0.10244244, -0.31331494, 0.06077351, 0.07670163, 0.23211531, 0.15958185]', '9', '0.16772764', '13');
INSERT INTO `block` VALUES ('636903918715319684867315605791', 'regular', '[0.29700941, 0.06239335, 0.04281531, 0.12355423, 0.02650383, 0.045779, 0.27071823, 0.07178011, 0.04880767, 0.01063879]', '356190340222152737167810800353', '4', '1', '0', '5', '0.56772764', '13');
INSERT INTO `block` VALUES ('243422656752882229555276620327', 'regular', '[0.39700939, 0.06239335, 0.04281531, 0.02355422, 0.02650383, 0.045779, 0.27071823, 0.07178011, 0.04880767, 0.01063879]', '636903918715319684867315605791', '5', '1', '0', '6', '0.66772762', '14');
INSERT INTO `block` VALUES ('959649355607112104746309373839', 'regular', '[0.09700941, 0.16239335, 0.14281532, 0.12355423, 0.12650383, 0.045779, 0.07071823, 0.0717801, 0.14880768, 0.01063879]', '70251028786812071449494698843', '8', '0', '[-0.35083992, -0.23931287, 0.42786055, 0.10042202, 0.15056522, -0.22175694, 0.20220997, 0.22026183, 0.52973067, 0.18085943]', '9', '0.16772764', '15');
INSERT INTO `block` VALUES ('67204047366157776739478117323', 'regular', '[0.09700941, 0.16239335, 0.14281532, 0.12355423, 0.12650383, 0.045779, 0.07071823, 0.0717801, 0.14880768, 0.01063879]', '892109373587711590525044590332', '9', '0', '[-0.25383051, -0.07691952, 0.57067587, 0.22397625, 0.27706905, -0.17597794, 0.2729282, 0.29204193, -0.32146159, 0.19149822]', '10', '0.16772764', '16');
INSERT INTO `block` VALUES ('856402550503006435678970504425', 'regular', '[0.09700941, 0.16239335, 0.14281532, 0.12355423, 0.12650383, 0.045779, 0.07071823, 0.0717801, 0.14880768, 0.01063879]', '892109373587711590525044590332', '9', '0', '[-0.1568211, 0.08547383, -0.28650875, 0.34753048, 0.40357288, -0.13019894, 0.34364643, 0.36382203, -0.17265391, 0.20213701]', '10', '0.16772764', '17');
INSERT INTO `block` VALUES ('871765328595010573250985698143', 'regular', '[0.39700939, 0.06239335, 0.04281531, 0.02355422, 0.02650383, 0.045779, 0.27071823, 0.07178011, 0.04880767, 0.01063879]', '243422656752882229555276620327', '6', '1', '0', '7', '0.66772762', '17');
INSERT INTO `block` VALUES ('193524882612106684838292696392', 'regular', '[0.09700941, 0.16239335, 0.14281532, 0.12355423, 0.12650383, 0.045779, 0.07071823, 0.0717801, 0.14880768, 0.01063879]', '579251068116356755031792877612', '30', '0', '[0.14149902, 0.60684803, 0.56921237, 0.54837454, -0.2952966, 0.42628712, -0.25193357, -0.19565439, -0.11319249, -0.43614407]', '31', '0.16772764', '55');
INSERT INTO `block` VALUES ('592878397889924809085486153785', 'regular', '[0.09700941, 0.16239335, 0.14281532, 0.12355423, 0.12650383, 0.045779, 0.07071823, 0.0717801, 0.14880768, 0.01063879]', '67204047366157776739478117323', '10', '0', '[-0.05981169, 0.24786718, -0.14369343, 0.47108471, -0.46992323, -0.08441994, 0.41436466, 0.43560213, -0.02384623, 0.2127758]', '11', '0.16772764', '18');
INSERT INTO `block` VALUES ('464366649430476516813678990148', 'regular', '[0.39700939, 0.06239335, 0.04281531, 0.02355422, 0.02650383, 0.045779, 0.27071823, 0.07178011, 0.04880767, 0.01063879]', '871765328595010573250985698143', '7', '1', '0', '8', '0.66772762', '18');
INSERT INTO `block` VALUES ('804372282678050407789704951535', 'regular', '[0.09700941, 0.16239335, 0.14281532, 0.12355423, 0.12650383, 0.045779, 0.07071823, 0.0717801, 0.14880768, 0.01063879]', '67204047366157776739478117323', '10', '0', '[0.03719772, 0.41026053, -0.00087811, -0.405361, -0.3434194, -0.03864094, 0.48508289, 0.50738223, 0.12496145, 0.22341459]', '11', '0.16772764', '19');
INSERT INTO `block` VALUES ('502709570406054145403331037048', 'regular', '[0.39700939, 0.06239335, 0.04281531, 0.02355422, 0.02650383, 0.045779, 0.27071823, 0.07178011, 0.04880767, 0.01063879]', '464366649430476516813678990148', '8', '1', '0', '9', '0.66772762', '19');
INSERT INTO `block` VALUES ('480799690421407812984869064024', 'regular', '[0.09700941, 0.16239335, 0.14281532, 0.12355423, 0.12650383, 0.045779, 0.07071823, 0.0717801, 0.14880768, 0.01063879]', '592878397889924809085486153785', '11', '0', '[0.13420713, 0.57265388, 0.14193721, -0.28180677, -0.21691557, 0.00713806, 0.55580112, -0.42083761, 0.27376913, 0.23405338]', '12', '0.16772764', '20');
INSERT INTO `block` VALUES ('407220155653455448005805593269', 'regular', '[0.09700941, 0.16239335, 0.14281532, 0.12355423, 0.12650383, 0.045779, 0.07071823, 0.0717801, 0.14880768, 0.01063879]', '480799690421407812984869064024', '12', '0', '[0.23121654, -0.26495271, 0.28475253, -0.15825254, -0.09041174, 0.05291706, 0.62651935, -0.34905751, 0.42257681, 0.24469217]', '13', '0.16772764', '21');
INSERT INTO `block` VALUES ('904219703882937550261259112072', 'regular', '[0.39700939, 0.06239335, 0.04281531, 0.02355422, 0.02650383, 0.045779, 0.27071823, 0.07178011, 0.04880767, 0.01063879]', '502709570406054145403331037048', '9', '1', '0', '10', '0.66772762', '21');
INSERT INTO `block` VALUES ('623494438425801018098777346467', 'regular', '[0.39700939, 0.06239335, 0.04281531, 0.02355422, 0.02650383, 0.045779, 0.27071823, 0.07178011, 0.04880767, 0.01063879]', '679366736825940019545584648741', '29', '1', '0', '30', '0.66772762', '54');
INSERT INTO `block` VALUES ('804139517373255319506055599350', 'regular', '[0.39700939, 0.06239335, 0.04281531, 0.02355422, 0.02650383, 0.045779, 0.27071823, 0.07178011, 0.04880767, 0.01063879]', '904219703882937550261259112072', '10', '1', '0', '11', '0.66772762', '22');
INSERT INTO `block` VALUES ('807892589807416117778272438205', 'regular', '[0.09700941, 0.16239335, 0.14281532, 0.12355423, 0.12650383, 0.045779, 0.07071823, 0.0717801, 0.14880768, 0.01063879]', '480799690421407812984869064024', '12', '0', '[0.42523536, 0.05983399, 0.57038317, 0.08885592, 0.16259592, 0.14447506, -0.23204413, -0.20549731, -0.27980777, 0.26596975]', '13', '0.16772764', '23');
INSERT INTO `block` VALUES ('1195572446803077355387638049', 'regular', '[0.39700939, 0.06239335, 0.04281531, 0.02355422, 0.02650383, 0.045779, 0.27071823, 0.07178011, 0.04880767, 0.01063879]', '804139517373255319506055599350', '11', '1', '0', '12', '0.66772762', '23');
INSERT INTO `block` VALUES ('261851518211884887591433872127', 'regular', '[0.09700941, 0.16239335, 0.14281532, 0.12355423, 0.12650383, 0.045779, 0.07071823, 0.0717801, 0.14880768, 0.01063879]', '407220155653455448005805593269', '13', '0', '[0.52224477, 0.22222734, -0.28680145, 0.21241015, 0.28909975, 0.19025406, -0.1613259, -0.13371721, -0.13100009, 0.27660854]', '14', '0.16772764', '24');
INSERT INTO `block` VALUES ('90711050422101519902598177013', 'regular', '[0.39700939, 0.06239335, 0.04281531, 0.02355422, 0.02650383, 0.045779, 0.27071823, 0.07178011, 0.04880767, 0.01063879]', '1195572446803077355387638049', '12', '1', '0', '13', '0.66772762', '24');
INSERT INTO `block` VALUES ('557986970255339300074287580553', 'regular', '[0.09700941, 0.16239335, 0.14281532, 0.12355423, 0.12650383, 0.045779, 0.07071823, 0.0717801, 0.14880768, 0.01063879]', '261851518211884887591433872127', '14', '0', '[-0.28373635, 0.54701404, -0.00117081, 0.45951861, -0.45789253, 0.28181206, -0.01988944, 0.00984299, 0.16661527, 0.29788612]', '15', '0.16772764', '26');
INSERT INTO `block` VALUES ('42986445723643926996324619213', 'regular', '[0.39700939, 0.06239335, 0.04281531, 0.02355422, 0.02650383, 0.045779, 0.27071823, 0.07178011, 0.04880767, 0.01063879]', '90711050422101519902598177013', '13', '1', '0', '14', '0.66772762', '26');
INSERT INTO `block` VALUES ('579251068116356755031792877612', 'regular', '[0.09700941, 0.16239335, 0.14281532, 0.12355423, 0.12650383, 0.045779, 0.07071823, 0.0717801, 0.14880768, 0.01063879]', '397141400502243536907556617680', '29', '0', '[0.04448961, 0.44445468, 0.42639705, 0.42482031, 0.57819951, 0.38050812, -0.3226518, -0.26743449, -0.26200017, -0.44678286]', '30', '0.16772764', '54');
INSERT INTO `block` VALUES ('828221865811009319652110757845', 'regular', '[0.09700941, 0.16239335, 0.14281532, 0.12355423, 0.12650383, 0.045779, 0.07071823, 0.0717801, 0.14880768, 0.01063879]', '557986970255339300074287580553', '15', '0', '[-0.18672694, -0.29059255, 0.14164451, 0.58307284, -0.3313887, 0.32759106, 0.05082879, 0.08162309, 0.31542295, 0.30852491]', '16', '0.16772764', '27');
INSERT INTO `block` VALUES ('761453706539009682814561013554', 'regular', '[0.39700939, 0.06239335, 0.04281531, 0.02355422, 0.02650383, 0.045779, 0.27071823, 0.07178011, 0.04880767, 0.01063879]', '42986445723643926996324619213', '14', '1', '0', '15', '0.66772762', '27');
INSERT INTO `block` VALUES ('612742211618743089646389205391', 'regular', '[0.09700941, 0.16239335, 0.14281532, 0.12355423, 0.12650383, 0.045779, 0.07071823, 0.0717801, 0.14880768, 0.01063879]', '828221865811009319652110757845', '16', '0', '[-0.08971753, -0.1281992, 0.28445983, -0.29337287, -0.20488487, 0.37337006, 0.12154702, 0.15340319, 0.46423063, 0.3191637]', '17', '0.16772764', '28');
INSERT INTO `block` VALUES ('823755801128670540822237442927', 'regular', '[0.09700941, 0.16239335, 0.14281532, 0.12355423, 0.12650383, 0.045779, 0.07071823, 0.0717801, 0.14880768, 0.01063879]', '612742211618743089646389205391', '17', '0', '[0.00729188, 0.03419415, 0.42727515, -0.16981864, -0.07838104, 0.41914906, 0.19226525, 0.22518329, -0.38696163, 0.32980249]', '18', '0.16772764', '29');
INSERT INTO `block` VALUES ('880541147872321521348553200701', 'regular', '[0.39700939, 0.06239335, 0.04281531, 0.02355422, 0.02650383, 0.045779, 0.27071823, 0.07178011, 0.04880767, 0.01063879]', '761453706539009682814561013554', '15', '1', '0', '16', '0.66772762', '29');
INSERT INTO `block` VALUES ('340220712551836946205943286648', 'regular', '[0.09700941, 0.16239335, 0.14281532, 0.12355423, 0.12650383, 0.045779, 0.07071823, 0.0717801, 0.14880768, 0.01063879]', '823755801128670540822237442927', '18', '0', '[0.10430129, 0.1965875, -0.42990947, -0.04626441, 0.04812279, 0.46492806, 0.26298348, 0.29696339, -0.23815395, 0.34044128]', '19', '0.16772764', '30');
INSERT INTO `block` VALUES ('421035002830015750085669913773', 'regular', '[0.09700941, 0.16239335, 0.14281532, 0.12355423, 0.12650383, 0.045779, 0.07071823, 0.0717801, 0.14880768, 0.01063879]', '340220712551836946205943286648', '19', '0', '[0.2013107, 0.35898085, -0.28709415, 0.07728982, 0.17462662, -0.48929288, 0.33370171, 0.36874349, -0.08934627, 0.35108007]', '20', '0.16772764', '31');
INSERT INTO `block` VALUES ('157364938391178773601123300945', 'regular', '[0.39700939, 0.06239335, 0.04281531, 0.02355422, 0.02650383, 0.045779, 0.27071823, 0.07178011, 0.04880767, 0.01063879]', '880541147872321521348553200701', '16', '1', '0', '17', '0.66772762', '31');
INSERT INTO `block` VALUES ('229990893885111049932692703618', 'regular', '[0.09700941, 0.16239335, 0.14281532, 0.12355423, 0.12650383, 0.045779, 0.07071823, 0.0717801, 0.14880768, 0.01063879]', '340220712551836946205943286648', '19', '0', '[0.29832011, 0.5213742, -0.14427883, 0.20084405, 0.30113045, -0.44351388, 0.40441994, -0.55947635, 0.05946141, 0.36171886]', '20', '0.16772764', '32');
INSERT INTO `block` VALUES ('314591187344584936126849596944', 'regular', '[0.39700939, 0.06239335, 0.04281531, 0.02355422, 0.02650383, 0.045779, 0.27071823, 0.07178011, 0.04880767, 0.01063879]', '157364938391178773601123300945', '17', '1', '0', '18', '0.66772762', '32');
INSERT INTO `block` VALUES ('397141400502243536907556617680', 'regular', '[0.09700941, 0.16239335, 0.14281532, 0.12355423, 0.12650383, 0.045779, 0.07071823, 0.0717801, 0.14880768, 0.01063879]', '483619832202168181486368431236', '28', '0', '[0.03551851, 0.23163465, 0.65484238, -0.00451752, 0.05771086, 0.51784516, 0.28950378, -0.05209366, -0.31557775, -0.41486645]', '29', '0.16772764', '52');
INSERT INTO `block` VALUES ('234903779164636910075081021948', 'regular', '[0.09700941, 0.16239335, 0.14281532, 0.12355423, 0.12650383, 0.045779, 0.07071823, 0.0717801, 0.14880768, 0.01063879]', '612742211618743089646389205391', '17', '0', '[0.39532952, -0.31623239, -0.00146351, 0.32439828, 0.42763428, -0.39773488, 0.47513817, -0.48769625, 0.20826909, 0.37235765]', '18', '0.16772764', '33');
INSERT INTO `block` VALUES ('147260381353209789398407199941', 'regular', '[0.39700939, 0.06239335, 0.04281531, 0.02355422, 0.02650383, 0.045779, 0.27071823, 0.07178011, 0.04880767, 0.01063879]', '314591187344584936126849596944', '18', '1', '0', '19', '0.66772762', '34');
INSERT INTO `block` VALUES ('829283787801616760776890411155', 'regular', '[0.09700941, 0.16239335, 0.14281532, 0.12355423, 0.12650383, 0.045779, 0.07071823, 0.0717801, 0.14880768, 0.01063879]', '421035002830015750085669913773', '20', '0', '[0.58934834, 0.00855431, 0.28416713, 0.57150674, -0.319358, -0.30617688, -0.38342531, -0.34413605, 0.50588445, 0.39363523]', '21', '0.16772764', '35');
INSERT INTO `block` VALUES ('34696777209935950910828621558', 'regular', '[0.39700939, 0.06239335, 0.04281531, 0.02355422, 0.02650383, 0.045779, 0.27071823, 0.07178011, 0.04880767, 0.01063879]', '147260381353209789398407199941', '19', '1', '0', '20', '0.66772762', '36');
INSERT INTO `block` VALUES ('679366736825940019545584648741', 'regular', '[0.39700939, 0.06239335, 0.04281531, 0.02355422, 0.02650383, 0.045779, 0.27071823, 0.07178011, 0.04880767, 0.01063879]', '546842592169795847614002902143', '28', '1', '0', '29', '0.66772762', '51');
INSERT INTO `block` VALUES ('477764485378427187455001556502', 'regular', '[0.09700941, 0.16239335, 0.14281532, 0.12355423, 0.12650383, 0.045779, 0.07071823, 0.0717801, 0.14880768, 0.01063879]', '829283787801616760776890411155', '21', '0', '[-0.21663278, 0.33334101, 0.56979777, -0.18138474, -0.06635034, -0.21461888, -0.24198885, -0.20057585, 0.80349981, 0.41491281]', '22', '0.16772764', '37');
INSERT INTO `block` VALUES ('822637317614311871600306889540', 'regular', '[0.39700939, 0.06239335, 0.04281531, 0.02355422, 0.02650383, 0.045779, 0.27071823, 0.07178011, 0.04880767, 0.01063879]', '34696777209935950910828621558', '20', '1', '0', '21', '0.66772762', '37');
INSERT INTO `block` VALUES ('265911440754184478528764422641', 'regular', '[0.09700941, 0.16239335, 0.14281532, 0.12355423, 0.12650383, 0.045779, 0.07071823, 0.0717801, 0.14880768, 0.01063879]', '829283787801616760776890411155', '21', '0', '[-0.11962337, 0.49573436, 0.71261309, -0.05783051, 0.06015349, -0.16883988, -0.17127062, -0.12879575, -0.04769245, 0.4255516]', '22', '0.16772764', '38');
INSERT INTO `block` VALUES ('219833439423447618785094850824', 'regular', '[0.09700941, 0.16239335, 0.14281532, 0.12355423, 0.12650383, 0.045779, 0.07071823, 0.0717801, 0.14880768, 0.01063879]', '477764485378427187455001556502', '22', '0', '[-0.02261396, 0.65812771, -0.14457153, 0.06572372, 0.18665732, -0.12306088, -0.10055239, -0.05701565, 0.10111523, 0.43619039]', '23', '0.16772764', '39');
INSERT INTO `block` VALUES ('837634919828009966066762330754', 'regular', '[0.39700939, 0.06239335, 0.04281531, 0.02355422, 0.02650383, 0.045779, 0.27071823, 0.07178011, 0.04880767, 0.01063879]', '822637317614311871600306889540', '21', '1', '0', '22', '0.66772762', '39');
INSERT INTO `block` VALUES ('403460061488191039443683640062', 'regular', '[0.09700941, 0.16239335, 0.14281532, 0.12355423, 0.12650383, 0.045779, 0.07071823, 0.0717801, 0.14880768, 0.01063879]', '219833439423447618785094850824', '23', '0', '[0.07439545, -0.17947888, -0.00175621, 0.18927795, 0.31316115, -0.07728188, -0.02983416, 0.01476445, 0.24992291, 0.44682918]', '24', '0.16772764', '40');
INSERT INTO `block` VALUES ('732010536333962575874549382307', 'regular', '[0.39700939, 0.06239335, 0.04281531, 0.02355422, 0.02650383, 0.045779, 0.27071823, 0.07178011, 0.04880767, 0.01063879]', '837634919828009966066762330754', '22', '1', '0', '23', '0.66772762', '40');
INSERT INTO `block` VALUES ('253501897833147300350946197739', 'regular', '[0.39700939, 0.06239335, 0.04281531, 0.02355422, 0.02650383, 0.045779, 0.27071823, 0.07178011, 0.04880767, 0.01063879]', '445561989681182353268944807019', '28', '1', '0', '29', '0.66772762', '50');
INSERT INTO `block` VALUES ('632852936260976955145551715208', 'regular', '[0.09700941, 0.16239335, 0.14281532, 0.12355423, 0.12650383, 0.045779, 0.07071823, 0.0717801, 0.14880768, 0.01063879]', '477764485378427187455001556502', '22', '0', '[0.17140486, -0.01708553, 0.14105911, 0.31283218, 0.43966498, -0.03150288, 0.04088407, 0.08654455, 0.39873059, -0.54253197]', '23', '0.16772764', '41');
INSERT INTO `block` VALUES ('936687541354614911320200555745', 'regular', '[0.09700941, 0.16239335, 0.14281532, 0.12355423, 0.12650383, 0.045779, 0.07071823, 0.0717801, 0.14880768, 0.01063879]', '403460061488191039443683640062', '24', '0', '[0.26841427, 0.14530782, 0.28387443, 0.43638641, -0.43383113, 0.01427612, 0.1116023, 0.15832465, 0.54753827, -0.53189318]', '25', '0.16772764', '42');
INSERT INTO `block` VALUES ('324513731794975903016691489065', 'regular', '[0.39700939, 0.06239335, 0.04281531, 0.02355422, 0.02650383, 0.045779, 0.27071823, 0.07178011, 0.04880767, 0.01063879]', '732010536333962575874549382307', '23', '1', '0', '24', '0.66772762', '42');
INSERT INTO `block` VALUES ('45050560276662679763930171306', 'regular', '[0.09700941, 0.16239335, 0.14281532, 0.12355423, 0.12650383, 0.045779, 0.07071823, 0.0717801, 0.14880768, 0.01063879]', '403460061488191039443683640062', '24', '0', '[0.36542368, 0.30770117, 0.42668975, 0.55994064, -0.3073273, 0.06005512, 0.18232053, 0.23010475, -0.30365399, -0.52125439]', '25', '0.16772764', '43');
INSERT INTO `block` VALUES ('937650141805951539691162409394', 'regular', '[0.39700939, 0.06239335, 0.04281531, 0.02355422, 0.02650383, 0.045779, 0.27071823, 0.07178011, 0.04880767, 0.01063879]', '324513731794975903016691489065', '24', '1', '0', '25', '0.66772762', '43');
INSERT INTO `block` VALUES ('483619832202168181486368431236', 'regular', '[0.09700941, 0.16239335, 0.14281532, 0.12355423, 0.12650383, 0.045779, 0.07071823, 0.0717801, 0.14880768, 0.01063879]', '100162561231294487098145691254', '27', '0', '[0.14449022, -0.0555454, 0.42639644, -0.17518019, -0.12180063, 0.38050816, 0.67734899, -0.26743398, 0.43799917, -0.44678282]', '28', '0.16772764', '50');
INSERT INTO `block` VALUES ('526568573561697544484500541008', 'regular', '[0.09700941, 0.16239335, 0.14281532, 0.12355423, 0.12650383, 0.045779, 0.07071823, 0.0717801, 0.14880768, 0.01063879]', '936687541354614911320200555745', '25', '0', '[0.46243309, 0.47009452, 0.56950507, -0.31650507, -0.18082347, 0.10583412, 0.25303876, 0.30188485, -0.15484631, -0.5106156]', '26', '0.16772764', '44');
INSERT INTO `block` VALUES ('773197277290668681225900823244', 'regular', '[0.39700939, 0.06239335, 0.04281531, 0.02355422, 0.02650383, 0.045779, 0.27071823, 0.07178011, 0.04880767, 0.01063879]', '937650141805951539691162409394', '25', '1', '0', '26', '0.66772762', '44');
INSERT INTO `block` VALUES ('167619173539673048861560774380', 'regular', '[0.09700941, 0.16239335, 0.14281532, 0.12355423, 0.12650383, 0.045779, 0.07071823, 0.0717801, 0.14880768, 0.01063879]', '45050560276662679763930171306', '25', '0', '[0.5594425, 0.63248787, -0.28767955, -0.19295084, -0.05431964, 0.15161312, 0.32375699, 0.37366495, -0.00603863, -0.49997681]', '26', '0.16772764', '45');
INSERT INTO `block` VALUES ('100162561231294487098145691254', 'regular', '[0.09700941, 0.16239335, 0.14281532, 0.12355423, 0.12650383, 0.045779, 0.07071823, 0.0717801, 0.14880768, 0.01063879]', '167619173539673048861560774380', '26', '0', '[0.65645191, -0.20511872, -0.14486423, -0.06939661, 0.07218419, 0.19739212, 0.39447522, 0.44544505, 0.14276905, -0.48933802]', '27', '0.16772764', '46');
INSERT INTO `block` VALUES ('465754435566379276725266328075', 'regular', '[0.39700939, 0.06239335, 0.04281531, 0.02355422, 0.02650383, 0.045779, 0.27071823, 0.07178011, 0.04880767, 0.01063879]', '773197277290668681225900823244', '26', '1', '0', '27', '0.66772762', '47');
INSERT INTO `block` VALUES ('106032072297653616225329455951', 'regular', '[0.09700941, 0.16239335, 0.14281532, 0.12355423, 0.12650383, 0.045779, 0.07071823, 0.0717801, 0.14880768, 0.01063879]', '526568573561697544484500541008', '26', '0', '[-0.14952921, 0.11966798, 0.14076641, 0.17771185, 0.32519185, 0.28895012, 0.53591168, -0.41099469, 0.44038441, -0.46806044]', '27', '0.16772764', '48');
INSERT INTO `block` VALUES ('546842592169795847614002902143', 'regular', '[0.39700939, 0.06239335, 0.04281531, 0.02355422, 0.02650383, 0.045779, 0.27071823, 0.07178011, 0.04880767, 0.01063879]', '465754435566379276725266328075', '27', '1', '0', '28', '0.66772762', '48');
INSERT INTO `block` VALUES ('445561989681182353268944807019', 'regular', '[0.39700939, 0.06239335, 0.04281531, 0.02355422, 0.02650383, 0.045779, 0.27071823, 0.07178011, 0.04880767, 0.01063879]', '465754435566379276725266328075', '27', '1', '0', '28', '0.66772762', '49');
INSERT INTO `block` VALUES ('867215688158909451117423860608', 'regular', '[0.09700941, 0.16239335, 0.14281532, 0.12355423, 0.12650383, 0.045779, 0.07071823, 0.0717801, 0.14880768, 0.01063879]', '193524882612106684838292696392', '31', '0', '[0.23850843, -0.23075856, 0.71202769, 0.67192877, -0.16879277, 0.47206612, -0.18121534, -0.12387429, 0.03561519, -0.42550528]', '32', '0.16772764', '56');
INSERT INTO `block` VALUES ('474310075842334802471556737946', 'regular', '[0.39700939, 0.06239335, 0.04281531, 0.02355422, 0.02650383, 0.045779, 0.27071823, 0.07178011, 0.04880767, 0.01063879]', '230456338513362127712802379717', '30', '1', '0', '31', '0.66772762', '56');
INSERT INTO `block` VALUES ('786892904212151258833176236060', 'regular', '[0.09700941, 0.16239335, 0.14281532, 0.12355423, 0.12650383, 0.045779, 0.07071823, 0.0717801, 0.14880768, 0.01063879]', '867215688158909451117423860608', '32', '0', '[0.33551784, -0.06836521, -0.14515693, 0.795483, -0.04228894, 0.51784512, -0.11049711, -0.05209419, 0.18442287, -0.41486649]', '33', '0.16772764', '57');
INSERT INTO `block` VALUES ('284197897035744510567710435765', 'regular', '[0.39700939, 0.06239335, 0.04281531, 0.02355422, 0.02650383, 0.045779, 0.27071823, 0.07178011, 0.04880767, 0.01063879]', '474310075842334802471556737946', '31', '1', '0', '32', '0.66772762', '57');
INSERT INTO `block` VALUES ('564197607572306693590877855852', 'regular', '[0.09700941, 0.16239335, 0.14281532, 0.12355423, 0.12650383, 0.045779, 0.07071823, 0.0717801, 0.14880768, 0.01063879]', '786892904212151258833176236060', '33', '0', '[0.43252725, 0.09402814, -0.00234161, -0.08096271, 0.08421489, 0.56362412, -0.03977888, 0.01968591, 0.33323055, -0.4042277]', '34', '0.16772764', '58');

-- ----------------------------
-- Table structure for miners
-- ----------------------------
DROP TABLE IF EXISTS `miners`;
CREATE TABLE `miners` (
  `id` tinyint(2) NOT NULL,
  `processed` longtext,
  `dependencies` text,
  `is_attacker` tinyint(2) DEFAULT NULL,
  PRIMARY KEY (`id`)
) ENGINE=MyISAM DEFAULT CHARSET=utf8;

-- ----------------------------
-- Records of miners
-- ----------------------------
INSERT INTO `miners` VALUES ('0', '(467200639183612552396192365039, 380702678245421175185032503248, 973107090728875606532551724214, 509086220582495532199624610934, 370491813592449375684507556876, 985757722301058633883920504906, 17833993729137249167705600418, 380329191814085094940831287730, 300992854633745729911435226520, 72219447456725597485020188335, 70251028786812071449494698843, 610054754627317145012836858260, 892109373587711590525044590332, 959649355607112104746309373839, 67204047366157776739478117323, 856402550503006435678970504425, 804372282678050407789704951535, 592878397889924809085486153785, 480799690421407812984869064024, 407220155653455448005805593269, 807892589807416117778272438205, 261851518211884887591433872127, 557986970255339300074287580553, 828221865811009319652110757845, 612742211618743089646389205391, 823755801128670540822237442927, 340220712551836946205943286648, 421035002830015750085669913773, 229990893885111049932692703618, 234903779164636910075081021948, 829283787801616760776890411155, 477764485378427187455001556502, 265911440754184478528764422641, 219833439423447618785094850824, 403460061488191039443683640062, 632852936260976955145551715208, 936687541354614911320200555745, 45050560276662679763930171306, 526568573561697544484500541008, 167619173539673048861560774380, 100162561231294487098145691254, 106032072297653616225329455951, 483619832202168181486368431236, 397141400502243536907556617680, 579251068116356755031792877612);(467200639183612552396192365039, 373161840170589759720407842374, 852361193386732419621605448174, 356190340222152737167810800353, 636903918715319684867315605791, 243422656752882229555276620327, 871765328595010573250985698143, 464366649430476516813678990148, 502709570406054145403331037048, 904219703882937550261259112072, 804139517373255319506055599350, 1195572446803077355387638049, 90711050422101519902598177013, 42986445723643926996324619213, 761453706539009682814561013554, 880541147872321521348553200701, 157364938391178773601123300945, 314591187344584936126849596944, 147260381353209789398407199941, 34696777209935950910828621558, 822637317614311871600306889540, 837634919828009966066762330754, 732010536333962575874549382307, 324513731794975903016691489065, 937650141805951539691162409394, 773197277290668681225900823244, 465754435566379276725266328075, 445561989681182353268944807019, 546842592169795847614002902143, 253501897833147300350946197739, 679366736825940019545584648741, 623494438425801018098777346467, 230456338513362127712802379717, 474310075842334802471556737946, 284197897035744510567710435765)', '{823755801128670540822237442927: [340220712551836946205943286648], 193524882612106684838292696392: [867215688158909451117423860608]};{}', '1');
INSERT INTO `miners` VALUES ('6', '(467200639183612552396192365039, 380702678245421175185032503248, 973107090728875606532551724214, 509086220582495532199624610934, 370491813592449375684507556876, 985757722301058633883920504906, 17833993729137249167705600418, 300992854633745729911435226520, 380329191814085094940831287730, 72219447456725597485020188335, 70251028786812071449494698843, 610054754627317145012836858260, 892109373587711590525044590332, 959649355607112104746309373839, 67204047366157776739478117323, 856402550503006435678970504425, 592878397889924809085486153785, 480799690421407812984869064024, 407220155653455448005805593269, 804372282678050407789704951535, 807892589807416117778272438205, 261851518211884887591433872127, 557986970255339300074287580553, 828221865811009319652110757845, 612742211618743089646389205391, 823755801128670540822237442927, 340220712551836946205943286648, 229990893885111049932692703618, 421035002830015750085669913773, 234903779164636910075081021948, 829283787801616760776890411155, 477764485378427187455001556502, 265911440754184478528764422641, 219833439423447618785094850824, 403460061488191039443683640062, 632852936260976955145551715208, 936687541354614911320200555745, 45050560276662679763930171306, 526568573561697544484500541008, 167619173539673048861560774380, 100162561231294487098145691254, 106032072297653616225329455951, 483619832202168181486368431236, 397141400502243536907556617680, 579251068116356755031792877612);(467200639183612552396192365039, 373161840170589759720407842374, 852361193386732419621605448174, 356190340222152737167810800353, 636903918715319684867315605791, 243422656752882229555276620327, 871765328595010573250985698143, 464366649430476516813678990148, 502709570406054145403331037048, 904219703882937550261259112072, 804139517373255319506055599350, 1195572446803077355387638049, 90711050422101519902598177013, 42986445723643926996324619213, 761453706539009682814561013554, 880541147872321521348553200701, 157364938391178773601123300945, 314591187344584936126849596944, 147260381353209789398407199941, 34696777209935950910828621558, 822637317614311871600306889540, 837634919828009966066762330754, 732010536333962575874549382307, 324513731794975903016691489065, 937650141805951539691162409394, 773197277290668681225900823244, 465754435566379276725266328075, 546842592169795847614002902143, 445561989681182353268944807019, 253501897833147300350946197739, 679366736825940019545584648741, 623494438425801018098777346467, 230456338513362127712802379717, 474310075842334802471556737946, 284197897035744510567710435765)', '{193524882612106684838292696392: [867215688158909451117423860608]};{}', '1');
INSERT INTO `miners` VALUES ('1', '(467200639183612552396192365039, 380702678245421175185032503248, 973107090728875606532551724214, 509086220582495532199624610934, 985757722301058633883920504906, 370491813592449375684507556876, 17833993729137249167705600418, 380329191814085094940831287730, 300992854633745729911435226520, 72219447456725597485020188335, 70251028786812071449494698843, 610054754627317145012836858260, 892109373587711590525044590332, 959649355607112104746309373839, 67204047366157776739478117323, 856402550503006435678970504425, 592878397889924809085486153785, 804372282678050407789704951535, 480799690421407812984869064024, 407220155653455448005805593269, 807892589807416117778272438205, 261851518211884887591433872127, 557986970255339300074287580553, 828221865811009319652110757845, 612742211618743089646389205391, 823755801128670540822237442927, 340220712551836946205943286648, 421035002830015750085669913773, 234903779164636910075081021948, 229990893885111049932692703618, 829283787801616760776890411155, 477764485378427187455001556502, 265911440754184478528764422641, 219833439423447618785094850824, 403460061488191039443683640062, 632852936260976955145551715208, 936687541354614911320200555745, 45050560276662679763930171306, 167619173539673048861560774380, 526568573561697544484500541008, 100162561231294487098145691254, 106032072297653616225329455951, 373161840170589759720407842374, 483619832202168181486368431236, 397141400502243536907556617680, 852361193386732419621605448174, 356190340222152737167810800353, 636903918715319684867315605791, 243422656752882229555276620327, 871765328595010573250985698143, 464366649430476516813678990148, 502709570406054145403331037048, 904219703882937550261259112072, 804139517373255319506055599350, 1195572446803077355387638049, 90711050422101519902598177013, 42986445723643926996324619213, 761453706539009682814561013554, 880541147872321521348553200701, 157364938391178773601123300945, 314591187344584936126849596944, 147260381353209789398407199941, 34696777209935950910828621558, 822637317614311871600306889540, 837634919828009966066762330754, 579251068116356755031792877612, 193524882612106684838292696392, 867215688158909451117423860608, 786892904212151258833176236060)', '{340220712551836946205943286648: [421035002830015750085669913773], 243422656752882229555276620327: [871765328595010573250985698143], 464366649430476516813678990148: [502709570406054145403331037048], 804139517373255319506055599350: [1195572446803077355387638049], 761453706539009682814561013554: [880541147872321521348553200701], 822637317614311871600306889540: [837634919828009966066762330754], 732010536333962575874549382307: [324513731794975903016691489065], 937650141805951539691162409394: [773197277290668681225900823244], 871765328595010573250985698143: [464366649430476516813678990148], 90711050422101519902598177013: [42986445723643926996324619213], 773197277290668681225900823244: [465754435566379276725266328075], 465754435566379276725266328075: [546842592169795847614002902143, 445561989681182353268944807019], 502709570406054145403331037048: [904219703882937550261259112072], 42986445723643926996324619213: [761453706539009682814561013554], 445561989681182353268944807019: [253501897833147300350946197739], 904219703882937550261259112072: [804139517373255319506055599350], 1195572446803077355387638049: [90711050422101519902598177013], 880541147872321521348553200701: [157364938391178773601123300945], 324513731794975903016691489065: [937650141805951539691162409394], 546842592169795847614002902143: [679366736825940019545584648741], 230456338513362127712802379717: [474310075842334802471556737946]}', '0');
INSERT INTO `miners` VALUES ('2', '(467200639183612552396192365039, 380702678245421175185032503248, 509086220582495532199624610934, 973107090728875606532551724214, 370491813592449375684507556876, 985757722301058633883920504906, 17833993729137249167705600418, 380329191814085094940831287730, 300992854633745729911435226520, 72219447456725597485020188335, 70251028786812071449494698843, 610054754627317145012836858260, 892109373587711590525044590332, 959649355607112104746309373839, 67204047366157776739478117323, 856402550503006435678970504425, 592878397889924809085486153785, 804372282678050407789704951535, 480799690421407812984869064024, 407220155653455448005805593269, 807892589807416117778272438205, 261851518211884887591433872127, 557986970255339300074287580553, 828221865811009319652110757845, 612742211618743089646389205391, 823755801128670540822237442927, 340220712551836946205943286648, 229990893885111049932692703618, 421035002830015750085669913773, 234903779164636910075081021948, 829283787801616760776890411155, 477764485378427187455001556502, 265911440754184478528764422641, 219833439423447618785094850824, 403460061488191039443683640062, 632852936260976955145551715208, 45050560276662679763930171306, 936687541354614911320200555745, 526568573561697544484500541008, 167619173539673048861560774380, 100162561231294487098145691254, 373161840170589759720407842374, 852361193386732419621605448174, 356190340222152737167810800353, 636903918715319684867315605791, 106032072297653616225329455951, 483619832202168181486368431236, 397141400502243536907556617680, 579251068116356755031792877612, 193524882612106684838292696392, 867215688158909451117423860608, 243422656752882229555276620327, 871765328595010573250985698143, 464366649430476516813678990148, 502709570406054145403331037048, 904219703882937550261259112072, 804139517373255319506055599350, 1195572446803077355387638049, 90711050422101519902598177013, 42986445723643926996324619213, 761453706539009682814561013554, 880541147872321521348553200701, 157364938391178773601123300945, 314591187344584936126849596944, 147260381353209789398407199941, 34696777209935950910828621558, 822637317614311871600306889540, 837634919828009966066762330754, 732010536333962575874549382307, 324513731794975903016691489065, 937650141805951539691162409394, 773197277290668681225900823244, 465754435566379276725266328075, 546842592169795847614002902143, 679366736825940019545584648741, 623494438425801018098777346467, 445561989681182353268944807019, 253501897833147300350946197739, 786892904212151258833176236060)', '{42986445723643926996324619213: [761453706539009682814561013554], 761453706539009682814561013554: [880541147872321521348553200701], 157364938391178773601123300945: [314591187344584936126849596944], 822637317614311871600306889540: [837634919828009966066762330754], 937650141805951539691162409394: [773197277290668681225900823244], 502709570406054145403331037048: [904219703882937550261259112072], 904219703882937550261259112072: [804139517373255319506055599350], 837634919828009966066762330754: [732010536333962575874549382307], 871765328595010573250985698143: [464366649430476516813678990148], 880541147872321521348553200701: [157364938391178773601123300945], 147260381353209789398407199941: [34696777209935950910828621558], 34696777209935950910828621558: [822637317614311871600306889540], 732010536333962575874549382307: [324513731794975903016691489065], 464366649430476516813678990148: [502709570406054145403331037048], 804139517373255319506055599350: [1195572446803077355387638049], 314591187344584936126849596944: [147260381353209789398407199941], 324513731794975903016691489065: [937650141805951539691162409394], 445561989681182353268944807019: [253501897833147300350946197739], 90711050422101519902598177013: [42986445723643926996324619213], 546842592169795847614002902143: [679366736825940019545584648741], 1195572446803077355387638049: [90711050422101519902598177013], 773197277290668681225900823244: [465754435566379276725266328075], 465754435566379276725266328075: [546842592169795847614002902143, 445561989681182353268944807019], 679366736825940019545584648741: [623494438425801018098777346467]}', '0');
INSERT INTO `miners` VALUES ('3', '(467200639183612552396192365039, 380702678245421175185032503248, 973107090728875606532551724214, 509086220582495532199624610934, 370491813592449375684507556876, 985757722301058633883920504906, 17833993729137249167705600418, 380329191814085094940831287730, 300992854633745729911435226520, 72219447456725597485020188335, 70251028786812071449494698843, 610054754627317145012836858260, 892109373587711590525044590332, 959649355607112104746309373839, 67204047366157776739478117323, 856402550503006435678970504425, 592878397889924809085486153785, 804372282678050407789704951535, 480799690421407812984869064024, 407220155653455448005805593269, 807892589807416117778272438205, 261851518211884887591433872127, 557986970255339300074287580553, 828221865811009319652110757845, 612742211618743089646389205391, 823755801128670540822237442927, 340220712551836946205943286648, 421035002830015750085669913773, 229990893885111049932692703618, 234903779164636910075081021948, 829283787801616760776890411155, 477764485378427187455001556502, 265911440754184478528764422641, 219833439423447618785094850824, 403460061488191039443683640062, 632852936260976955145551715208, 936687541354614911320200555745, 45050560276662679763930171306, 526568573561697544484500541008, 167619173539673048861560774380, 100162561231294487098145691254, 373161840170589759720407842374, 106032072297653616225329455951, 483619832202168181486368431236, 852361193386732419621605448174, 356190340222152737167810800353, 636903918715319684867315605791, 243422656752882229555276620327, 871765328595010573250985698143, 464366649430476516813678990148, 397141400502243536907556617680, 502709570406054145403331037048, 904219703882937550261259112072, 804139517373255319506055599350, 1195572446803077355387638049, 90711050422101519902598177013, 42986445723643926996324619213, 761453706539009682814561013554, 880541147872321521348553200701, 157364938391178773601123300945, 314591187344584936126849596944, 147260381353209789398407199941, 34696777209935950910828621558, 822637317614311871600306889540, 837634919828009966066762330754, 732010536333962575874549382307, 324513731794975903016691489065, 579251068116356755031792877612, 937650141805951539691162409394, 773197277290668681225900823244, 465754435566379276725266328075, 445561989681182353268944807019, 253501897833147300350946197739, 193524882612106684838292696392, 867215688158909451117423860608, 786892904212151258833176236060)', '{356190340222152737167810800353: [636903918715319684867315605791], 761453706539009682814561013554: [880541147872321521348553200701], 837634919828009966066762330754: [732010536333962575874549382307], 804139517373255319506055599350: [1195572446803077355387638049], 1195572446803077355387638049: [90711050422101519902598177013], 90711050422101519902598177013: [42986445723643926996324619213], 42986445723643926996324619213: [761453706539009682814561013554], 34696777209935950910828621558: [822637317614311871600306889540], 732010536333962575874549382307: [324513731794975903016691489065], 157364938391178773601123300945: [314591187344584936126849596944], 314591187344584936126849596944: [147260381353209789398407199941], 822637317614311871600306889540: [837634919828009966066762330754], 147260381353209789398407199941: [34696777209935950910828621558], 773197277290668681225900823244: [465754435566379276725266328075], 465754435566379276725266328075: [445561989681182353268944807019], 445561989681182353268944807019: [253501897833147300350946197739], 871765328595010573250985698143: [464366649430476516813678990148], 904219703882937550261259112072: [804139517373255319506055599350], 546842592169795847614002902143: [679366736825940019545584648741], 880541147872321521348553200701: [157364938391178773601123300945], 679366736825940019545584648741: [623494438425801018098777346467]}', '0');
INSERT INTO `miners` VALUES ('4', '(467200639183612552396192365039, 380702678245421175185032503248, 973107090728875606532551724214, 509086220582495532199624610934, 370491813592449375684507556876, 985757722301058633883920504906, 17833993729137249167705600418, 380329191814085094940831287730, 300992854633745729911435226520, 72219447456725597485020188335, 70251028786812071449494698843, 610054754627317145012836858260, 892109373587711590525044590332, 959649355607112104746309373839, 67204047366157776739478117323, 856402550503006435678970504425, 592878397889924809085486153785, 804372282678050407789704951535, 480799690421407812984869064024, 407220155653455448005805593269, 807892589807416117778272438205, 261851518211884887591433872127, 557986970255339300074287580553, 828221865811009319652110757845, 612742211618743089646389205391, 823755801128670540822237442927, 340220712551836946205943286648, 421035002830015750085669913773, 229990893885111049932692703618, 234903779164636910075081021948, 829283787801616760776890411155, 477764485378427187455001556502, 265911440754184478528764422641, 219833439423447618785094850824, 403460061488191039443683640062, 632852936260976955145551715208, 936687541354614911320200555745, 526568573561697544484500541008, 45050560276662679763930171306, 167619173539673048861560774380, 100162561231294487098145691254, 106032072297653616225329455951, 483619832202168181486368431236, 397141400502243536907556617680, 579251068116356755031792877612, 373161840170589759720407842374, 193524882612106684838292696392, 852361193386732419621605448174, 356190340222152737167810800353, 636903918715319684867315605791, 243422656752882229555276620327, 871765328595010573250985698143, 464366649430476516813678990148, 502709570406054145403331037048, 904219703882937550261259112072, 804139517373255319506055599350, 1195572446803077355387638049, 90711050422101519902598177013, 42986445723643926996324619213, 867215688158909451117423860608, 761453706539009682814561013554, 880541147872321521348553200701, 157364938391178773601123300945, 314591187344584936126849596944, 147260381353209789398407199941, 34696777209935950910828621558, 822637317614311871600306889540)', '{167619173539673048861560774380: [100162561231294487098145691254], 356190340222152737167810800353: [636903918715319684867315605791], 636903918715319684867315605791: [243422656752882229555276620327], 243422656752882229555276620327: [871765328595010573250985698143], 871765328595010573250985698143: [464366649430476516813678990148], 464366649430476516813678990148: [502709570406054145403331037048], 1195572446803077355387638049: [90711050422101519902598177013], 157364938391178773601123300945: [314591187344584936126849596944], 732010536333962575874549382307: [324513731794975903016691489065], 502709570406054145403331037048: [904219703882937550261259112072], 804139517373255319506055599350: [1195572446803077355387638049], 314591187344584936126849596944: [147260381353209789398407199941], 465754435566379276725266328075: [445561989681182353268944807019, 546842592169795847614002902143], 904219703882937550261259112072: [804139517373255319506055599350], 324513731794975903016691489065: [937650141805951539691162409394], 445561989681182353268944807019: [253501897833147300350946197739], 90711050422101519902598177013: [42986445723643926996324619213], 880541147872321521348553200701: [157364938391178773601123300945], 937650141805951539691162409394: [773197277290668681225900823244], 34696777209935950910828621558: [822637317614311871600306889540], 773197277290668681225900823244: [465754435566379276725266328075], 546842592169795847614002902143: [679366736825940019545584648741], 147260381353209789398407199941: [34696777209935950910828621558], 837634919828009966066762330754: [732010536333962575874549382307], 679366736825940019545584648741: [623494438425801018098777346467, 230456338513362127712802379717]}', '0');
INSERT INTO `miners` VALUES ('5', '(467200639183612552396192365039, 380702678245421175185032503248, 973107090728875606532551724214, 509086220582495532199624610934, 370491813592449375684507556876, 985757722301058633883920504906, 17833993729137249167705600418, 380329191814085094940831287730, 300992854633745729911435226520, 72219447456725597485020188335, 70251028786812071449494698843, 610054754627317145012836858260, 892109373587711590525044590332, 959649355607112104746309373839, 67204047366157776739478117323, 592878397889924809085486153785, 804372282678050407789704951535, 856402550503006435678970504425, 480799690421407812984869064024, 407220155653455448005805593269, 807892589807416117778272438205, 261851518211884887591433872127, 557986970255339300074287580553, 828221865811009319652110757845, 612742211618743089646389205391, 823755801128670540822237442927, 340220712551836946205943286648, 421035002830015750085669913773, 229990893885111049932692703618, 234903779164636910075081021948, 829283787801616760776890411155, 477764485378427187455001556502, 219833439423447618785094850824, 265911440754184478528764422641, 403460061488191039443683640062, 632852936260976955145551715208, 936687541354614911320200555745, 45050560276662679763930171306, 526568573561697544484500541008, 167619173539673048861560774380, 100162561231294487098145691254, 106032072297653616225329455951, 373161840170589759720407842374, 852361193386732419621605448174, 356190340222152737167810800353, 636903918715319684867315605791, 483619832202168181486368431236, 397141400502243536907556617680, 579251068116356755031792877612, 243422656752882229555276620327, 871765328595010573250985698143, 193524882612106684838292696392, 867215688158909451117423860608, 464366649430476516813678990148, 502709570406054145403331037048, 904219703882937550261259112072, 804139517373255319506055599350, 1195572446803077355387638049, 90711050422101519902598177013, 786892904212151258833176236060)', '{502709570406054145403331037048: [904219703882937550261259112072], 822637317614311871600306889540: [837634919828009966066762330754], 324513731794975903016691489065: [937650141805951539691162409394], 937650141805951539691162409394: [773197277290668681225900823244], 356190340222152737167810800353: [636903918715319684867315605791], 804139517373255319506055599350: [1195572446803077355387638049], 157364938391178773601123300945: [314591187344584936126849596944], 732010536333962575874549382307: [324513731794975903016691489065], 837634919828009966066762330754: [732010536333962575874549382307], 445561989681182353268944807019: [253501897833147300350946197739], 42986445723643926996324619213: [761453706539009682814561013554], 147260381353209789398407199941: [34696777209935950910828621558], 34696777209935950910828621558: [822637317614311871600306889540], 465754435566379276725266328075: [445561989681182353268944807019, 546842592169795847614002902143], 546842592169795847614002902143: [679366736825940019545584648741], 904219703882937550261259112072: [804139517373255319506055599350], 880541147872321521348553200701: [157364938391178773601123300945], 314591187344584936126849596944: [147260381353209789398407199941], 773197277290668681225900823244: [465754435566379276725266328075], 679366736825940019545584648741: [623494438425801018098777346467, 230456338513362127712802379717], 1195572446803077355387638049: [90711050422101519902598177013], 230456338513362127712802379717: [474310075842334802471556737946]}', '0');
INSERT INTO `miners` VALUES ('7', '(467200639183612552396192365039, 380702678245421175185032503248, 973107090728875606532551724214, 509086220582495532199624610934, 370491813592449375684507556876, 985757722301058633883920504906, 17833993729137249167705600418, 380329191814085094940831287730, 300992854633745729911435226520, 72219447456725597485020188335, 70251028786812071449494698843, 610054754627317145012836858260, 892109373587711590525044590332, 67204047366157776739478117323, 856402550503006435678970504425, 959649355607112104746309373839, 592878397889924809085486153785, 804372282678050407789704951535, 480799690421407812984869064024, 407220155653455448005805593269, 807892589807416117778272438205, 261851518211884887591433872127, 557986970255339300074287580553, 828221865811009319652110757845, 612742211618743089646389205391, 823755801128670540822237442927, 340220712551836946205943286648, 421035002830015750085669913773, 229990893885111049932692703618, 234903779164636910075081021948, 829283787801616760776890411155, 265911440754184478528764422641, 477764485378427187455001556502, 219833439423447618785094850824, 403460061488191039443683640062, 632852936260976955145551715208, 936687541354614911320200555745, 45050560276662679763930171306, 167619173539673048861560774380, 526568573561697544484500541008, 100162561231294487098145691254, 106032072297653616225329455951, 483619832202168181486368431236, 397141400502243536907556617680, 373161840170589759720407842374, 852361193386732419621605448174, 356190340222152737167810800353, 636903918715319684867315605791, 243422656752882229555276620327, 871765328595010573250985698143, 464366649430476516813678990148, 502709570406054145403331037048, 904219703882937550261259112072, 804139517373255319506055599350, 1195572446803077355387638049, 90711050422101519902598177013, 42986445723643926996324619213, 761453706539009682814561013554, 880541147872321521348553200701, 157364938391178773601123300945, 314591187344584936126849596944, 147260381353209789398407199941, 34696777209935950910828621558, 822637317614311871600306889540, 837634919828009966066762330754, 732010536333962575874549382307, 324513731794975903016691489065, 579251068116356755031792877612, 193524882612106684838292696392, 937650141805951539691162409394, 773197277290668681225900823244, 867215688158909451117423860608, 786892904212151258833176236060)', '{904219703882937550261259112072: [804139517373255319506055599350], 761453706539009682814561013554: [880541147872321521348553200701], 804139517373255319506055599350: [1195572446803077355387638049], 1195572446803077355387638049: [90711050422101519902598177013], 90711050422101519902598177013: [42986445723643926996324619213], 42986445723643926996324619213: [761453706539009682814561013554], 822637317614311871600306889540: [837634919828009966066762330754], 34696777209935950910828621558: [822637317614311871600306889540], 445561989681182353268944807019: [253501897833147300350946197739], 464366649430476516813678990148: [502709570406054145403331037048], 502709570406054145403331037048: [904219703882937550261259112072], 880541147872321521348553200701: [157364938391178773601123300945], 157364938391178773601123300945: [314591187344584936126849596944], 465754435566379276725266328075: [546842592169795847614002902143, 445561989681182353268944807019], 852361193386732419621605448174: [356190340222152737167810800353], 356190340222152737167810800353: [636903918715319684867315605791], 636903918715319684867315605791: [243422656752882229555276620327], 679366736825940019545584648741: [230456338513362127712802379717, 623494438425801018098777346467], 230456338513362127712802379717: [474310075842334802471556737946], 546842592169795847614002902143: [679366736825940019545584648741]}', '0');
INSERT INTO `miners` VALUES ('8', '(467200639183612552396192365039, 380702678245421175185032503248, 973107090728875606532551724214, 509086220582495532199624610934, 370491813592449375684507556876, 985757722301058633883920504906, 17833993729137249167705600418, 300992854633745729911435226520, 380329191814085094940831287730, 72219447456725597485020188335, 70251028786812071449494698843, 610054754627317145012836858260, 892109373587711590525044590332, 959649355607112104746309373839, 67204047366157776739478117323, 592878397889924809085486153785, 856402550503006435678970504425, 804372282678050407789704951535, 480799690421407812984869064024, 807892589807416117778272438205, 407220155653455448005805593269, 261851518211884887591433872127, 557986970255339300074287580553, 828221865811009319652110757845, 612742211618743089646389205391, 823755801128670540822237442927, 340220712551836946205943286648, 421035002830015750085669913773, 229990893885111049932692703618, 234903779164636910075081021948, 829283787801616760776890411155, 477764485378427187455001556502, 265911440754184478528764422641, 219833439423447618785094850824, 403460061488191039443683640062, 632852936260976955145551715208, 936687541354614911320200555745, 45050560276662679763930171306, 526568573561697544484500541008, 167619173539673048861560774380, 100162561231294487098145691254, 106032072297653616225329455951, 373161840170589759720407842374, 483619832202168181486368431236, 397141400502243536907556617680, 579251068116356755031792877612, 852361193386732419621605448174, 356190340222152737167810800353, 636903918715319684867315605791, 243422656752882229555276620327, 871765328595010573250985698143, 464366649430476516813678990148, 502709570406054145403331037048, 904219703882937550261259112072, 804139517373255319506055599350, 1195572446803077355387638049, 90711050422101519902598177013, 42986445723643926996324619213, 761453706539009682814561013554, 880541147872321521348553200701, 157364938391178773601123300945, 314591187344584936126849596944, 147260381353209789398407199941, 34696777209935950910828621558, 822637317614311871600306889540, 837634919828009966066762330754, 732010536333962575874549382307, 324513731794975903016691489065, 937650141805951539691162409394, 773197277290668681225900823244, 465754435566379276725266328075, 445561989681182353268944807019, 253501897833147300350946197739, 546842592169795847614002902143, 679366736825940019545584648741, 623494438425801018098777346467, 230456338513362127712802379717, 193524882612106684838292696392, 867215688158909451117423860608, 786892904212151258833176236060)', '{904219703882937550261259112072: [804139517373255319506055599350], 1195572446803077355387638049: [90711050422101519902598177013], 761453706539009682814561013554: [880541147872321521348553200701], 837634919828009966066762330754: [732010536333962575874549382307], 324513731794975903016691489065: [937650141805951539691162409394], 243422656752882229555276620327: [871765328595010573250985698143], 502709570406054145403331037048: [904219703882937550261259112072], 804139517373255319506055599350: [1195572446803077355387638049], 90711050422101519902598177013: [42986445723643926996324619213], 314591187344584936126849596944: [147260381353209789398407199941], 937650141805951539691162409394: [773197277290668681225900823244], 465754435566379276725266328075: [445561989681182353268944807019, 546842592169795847614002902143], 871765328595010573250985698143: [464366649430476516813678990148], 636903918715319684867315605791: [243422656752882229555276620327], 464366649430476516813678990148: [502709570406054145403331037048], 773197277290668681225900823244: [465754435566379276725266328075], 546842592169795847614002902143: [679366736825940019545584648741], 356190340222152737167810800353: [636903918715319684867315605791], 880541147872321521348553200701: [157364938391178773601123300945], 732010536333962575874549382307: [324513731794975903016691489065], 445561989681182353268944807019: [253501897833147300350946197739], 34696777209935950910828621558: [822637317614311871600306889540], 157364938391178773601123300945: [314591187344584936126849596944], 679366736825940019545584648741: [623494438425801018098777346467, 230456338513362127712802379717], 42986445723643926996324619213: [761453706539009682814561013554], 147260381353209789398407199941: [34696777209935950910828621558], 822637317614311871600306889540: [837634919828009966066762330754], 474310075842334802471556737946: [284197897035744510567710435765]}', '0');
INSERT INTO `miners` VALUES ('9', '(467200639183612552396192365039, 380702678245421175185032503248, 973107090728875606532551724214, 370491813592449375684507556876, 509086220582495532199624610934, 985757722301058633883920504906, 17833993729137249167705600418, 380329191814085094940831287730, 300992854633745729911435226520, 72219447456725597485020188335, 70251028786812071449494698843, 610054754627317145012836858260, 892109373587711590525044590332, 959649355607112104746309373839, 67204047366157776739478117323, 592878397889924809085486153785, 856402550503006435678970504425, 804372282678050407789704951535, 480799690421407812984869064024, 407220155653455448005805593269, 261851518211884887591433872127, 807892589807416117778272438205, 557986970255339300074287580553, 828221865811009319652110757845, 612742211618743089646389205391, 823755801128670540822237442927, 340220712551836946205943286648, 421035002830015750085669913773, 229990893885111049932692703618, 234903779164636910075081021948, 829283787801616760776890411155, 477764485378427187455001556502, 265911440754184478528764422641, 219833439423447618785094850824, 403460061488191039443683640062, 632852936260976955145551715208, 936687541354614911320200555745, 45050560276662679763930171306, 526568573561697544484500541008, 167619173539673048861560774380, 100162561231294487098145691254, 106032072297653616225329455951, 373161840170589759720407842374, 852361193386732419621605448174, 356190340222152737167810800353, 483619832202168181486368431236, 397141400502243536907556617680, 579251068116356755031792877612, 193524882612106684838292696392, 636903918715319684867315605791, 243422656752882229555276620327, 871765328595010573250985698143, 464366649430476516813678990148, 502709570406054145403331037048, 904219703882937550261259112072, 804139517373255319506055599350, 1195572446803077355387638049, 90711050422101519902598177013, 42986445723643926996324619213, 761453706539009682814561013554, 880541147872321521348553200701, 157364938391178773601123300945, 314591187344584936126849596944, 147260381353209789398407199941, 34696777209935950910828621558, 822637317614311871600306889540, 837634919828009966066762330754, 732010536333962575874549382307, 324513731794975903016691489065, 937650141805951539691162409394, 773197277290668681225900823244, 465754435566379276725266328075, 546842592169795847614002902143, 679366736825940019545584648741, 445561989681182353268944807019, 253501897833147300350946197739, 867215688158909451117423860608)', '{464366649430476516813678990148: [502709570406054145403331037048], 904219703882937550261259112072: [804139517373255319506055599350], 1195572446803077355387638049: [90711050422101519902598177013], 732010536333962575874549382307: [324513731794975903016691489065], 465754435566379276725266328075: [546842592169795847614002902143, 445561989681182353268944807019], 871765328595010573250985698143: [464366649430476516813678990148], 502709570406054145403331037048: [904219703882937550261259112072], 42986445723643926996324619213: [761453706539009682814561013554], 147260381353209789398407199941: [34696777209935950910828621558], 822637317614311871600306889540: [837634919828009966066762330754], 837634919828009966066762330754: [732010536333962575874549382307], 937650141805951539691162409394: [773197277290668681225900823244], 804139517373255319506055599350: [1195572446803077355387638049], 90711050422101519902598177013: [42986445723643926996324619213], 761453706539009682814561013554: [880541147872321521348553200701], 157364938391178773601123300945: [314591187344584936126849596944], 314591187344584936126849596944: [147260381353209789398407199941], 324513731794975903016691489065: [937650141805951539691162409394], 773197277290668681225900823244: [465754435566379276725266328075], 34696777209935950910828621558: [822637317614311871600306889540], 546842592169795847614002902143: [679366736825940019545584648741], 880541147872321521348553200701: [157364938391178773601123300945], 243422656752882229555276620327: [871765328595010573250985698143], 445561989681182353268944807019: [253501897833147300350946197739], 230456338513362127712802379717: [474310075842334802471556737946]}', '0');

-- ----------------------------
-- Table structure for msg_receival
-- ----------------------------
DROP TABLE IF EXISTS `msg_receival`;
CREATE TABLE `msg_receival` (
  `miner_id` tinyint(2) NOT NULL,
  `msg_type` varchar(20) DEFAULT NULL COMMENT '区块block，投票vote',
  `msg_id` varchar(50) NOT NULL COMMENT '区块的哈希或者投票的哈希',
  `receive_time` int(11) DEFAULT NULL,
  PRIMARY KEY (`miner_id`,`msg_id`)
) ENGINE=MyISAM DEFAULT CHARSET=utf8;

-- ----------------------------
-- Records of msg_receival
-- ----------------------------
INSERT INTO `msg_receival` VALUES ('1', 'block', '380702678245421175185032503248', '101');
INSERT INTO `msg_receival` VALUES ('0', 'block', '380702678245421175185032503248', '120');
INSERT INTO `msg_receival` VALUES ('2', 'block', '380702678245421175185032503248', '141');
INSERT INTO `msg_receival` VALUES ('3', 'block', '380702678245421175185032503248', '253');
INSERT INTO `msg_receival` VALUES ('4', 'block', '380702678245421175185032503248', '264');
INSERT INTO `msg_receival` VALUES ('5', 'block', '380702678245421175185032503248', '116');
INSERT INTO `msg_receival` VALUES ('6', 'block', '380702678245421175185032503248', '150');
INSERT INTO `msg_receival` VALUES ('7', 'block', '380702678245421175185032503248', '175');
INSERT INTO `msg_receival` VALUES ('8', 'block', '380702678245421175185032503248', '144');
INSERT INTO `msg_receival` VALUES ('9', 'block', '380702678245421175185032503248', '283');
INSERT INTO `msg_receival` VALUES ('8', 'block', '973107090728875606532551724214', '201');
INSERT INTO `msg_receival` VALUES ('0', 'block', '973107090728875606532551724214', '246');
INSERT INTO `msg_receival` VALUES ('1', 'block', '973107090728875606532551724214', '371');
INSERT INTO `msg_receival` VALUES ('2', 'block', '973107090728875606532551724214', '430');
INSERT INTO `msg_receival` VALUES ('3', 'block', '973107090728875606532551724214', '212');
INSERT INTO `msg_receival` VALUES ('4', 'block', '973107090728875606532551724214', '385');
INSERT INTO `msg_receival` VALUES ('5', 'block', '973107090728875606532551724214', '270');
INSERT INTO `msg_receival` VALUES ('6', 'block', '973107090728875606532551724214', '254');
INSERT INTO `msg_receival` VALUES ('7', 'block', '973107090728875606532551724214', '285');
INSERT INTO `msg_receival` VALUES ('9', 'block', '973107090728875606532551724214', '309');
INSERT INTO `msg_receival` VALUES ('2', 'block', '509086220582495532199624610934', '301');
INSERT INTO `msg_receival` VALUES ('0', 'block', '509086220582495532199624610934', '386');
INSERT INTO `msg_receival` VALUES ('1', 'block', '509086220582495532199624610934', '353');
INSERT INTO `msg_receival` VALUES ('3', 'block', '509086220582495532199624610934', '385');
INSERT INTO `msg_receival` VALUES ('4', 'block', '509086220582495532199624610934', '333');
INSERT INTO `msg_receival` VALUES ('5', 'block', '509086220582495532199624610934', '359');
INSERT INTO `msg_receival` VALUES ('6', 'block', '509086220582495532199624610934', '346');
INSERT INTO `msg_receival` VALUES ('7', 'block', '509086220582495532199624610934', '381');
INSERT INTO `msg_receival` VALUES ('8', 'block', '509086220582495532199624610934', '386');
INSERT INTO `msg_receival` VALUES ('9', 'block', '509086220582495532199624610934', '607');
INSERT INTO `msg_receival` VALUES ('4', 'block', '370491813592449375684507556876', '401');
INSERT INTO `msg_receival` VALUES ('0', 'block', '370491813592449375684507556876', '592');
INSERT INTO `msg_receival` VALUES ('1', 'block', '370491813592449375684507556876', '632');
INSERT INTO `msg_receival` VALUES ('2', 'block', '370491813592449375684507556876', '416');
INSERT INTO `msg_receival` VALUES ('3', 'block', '370491813592449375684507556876', '533');
INSERT INTO `msg_receival` VALUES ('5', 'block', '370491813592449375684507556876', '409');
INSERT INTO `msg_receival` VALUES ('6', 'block', '370491813592449375684507556876', '418');
INSERT INTO `msg_receival` VALUES ('7', 'block', '370491813592449375684507556876', '421');
INSERT INTO `msg_receival` VALUES ('8', 'block', '370491813592449375684507556876', '549');
INSERT INTO `msg_receival` VALUES ('9', 'block', '370491813592449375684507556876', '568');
INSERT INTO `msg_receival` VALUES ('3', 'block', '985757722301058633883920504906', '501');
INSERT INTO `msg_receival` VALUES ('0', 'block', '985757722301058633883920504906', '742');
INSERT INTO `msg_receival` VALUES ('1', 'block', '985757722301058633883920504906', '541');
INSERT INTO `msg_receival` VALUES ('2', 'block', '985757722301058633883920504906', '553');
INSERT INTO `msg_receival` VALUES ('4', 'block', '985757722301058633883920504906', '556');
INSERT INTO `msg_receival` VALUES ('5', 'block', '985757722301058633883920504906', '646');
INSERT INTO `msg_receival` VALUES ('6', 'block', '985757722301058633883920504906', '510');
INSERT INTO `msg_receival` VALUES ('7', 'block', '985757722301058633883920504906', '529');
INSERT INTO `msg_receival` VALUES ('8', 'block', '985757722301058633883920504906', '516');
INSERT INTO `msg_receival` VALUES ('9', 'block', '985757722301058633883920504906', '625');
INSERT INTO `msg_receival` VALUES ('0', 'block', '373161840170589759720407842374', '601');
INSERT INTO `msg_receival` VALUES ('6', 'block', '373161840170589759720407842374', '831');
INSERT INTO `msg_receival` VALUES ('7', 'block', '17833993729137249167705600418', '701');
INSERT INTO `msg_receival` VALUES ('0', 'block', '17833993729137249167705600418', '768');
INSERT INTO `msg_receival` VALUES ('1', 'block', '17833993729137249167705600418', '831');
INSERT INTO `msg_receival` VALUES ('2', 'block', '17833993729137249167705600418', '711');
INSERT INTO `msg_receival` VALUES ('3', 'block', '17833993729137249167705600418', '892');
INSERT INTO `msg_receival` VALUES ('4', 'block', '17833993729137249167705600418', '834');
INSERT INTO `msg_receival` VALUES ('5', 'block', '17833993729137249167705600418', '809');
INSERT INTO `msg_receival` VALUES ('6', 'block', '17833993729137249167705600418', '705');
INSERT INTO `msg_receival` VALUES ('8', 'block', '17833993729137249167705600418', '826');
INSERT INTO `msg_receival` VALUES ('9', 'block', '17833993729137249167705600418', '717');
INSERT INTO `msg_receival` VALUES ('6', 'block', '852361193386732419621605448174', '801');
INSERT INTO `msg_receival` VALUES ('0', 'block', '852361193386732419621605448174', '828');
INSERT INTO `msg_receival` VALUES ('1', 'block', '380329191814085094940831287730', '901');
INSERT INTO `msg_receival` VALUES ('0', 'block', '380329191814085094940831287730', '1020');
INSERT INTO `msg_receival` VALUES ('2', 'block', '380329191814085094940831287730', '930');
INSERT INTO `msg_receival` VALUES ('3', 'block', '380329191814085094940831287730', '904');
INSERT INTO `msg_receival` VALUES ('4', 'block', '380329191814085094940831287730', '967');
INSERT INTO `msg_receival` VALUES ('5', 'block', '380329191814085094940831287730', '974');
INSERT INTO `msg_receival` VALUES ('6', 'block', '380329191814085094940831287730', '1227');
INSERT INTO `msg_receival` VALUES ('7', 'block', '380329191814085094940831287730', '1010');
INSERT INTO `msg_receival` VALUES ('8', 'block', '380329191814085094940831287730', '1121');
INSERT INTO `msg_receival` VALUES ('9', 'block', '380329191814085094940831287730', '913');
INSERT INTO `msg_receival` VALUES ('8', 'block', '300992854633745729911435226520', '1001');
INSERT INTO `msg_receival` VALUES ('0', 'block', '300992854633745729911435226520', '1124');
INSERT INTO `msg_receival` VALUES ('1', 'block', '300992854633745729911435226520', '1017');
INSERT INTO `msg_receival` VALUES ('2', 'block', '300992854633745729911435226520', '1019');
INSERT INTO `msg_receival` VALUES ('3', 'block', '300992854633745729911435226520', '1016');
INSERT INTO `msg_receival` VALUES ('4', 'block', '300992854633745729911435226520', '1006');
INSERT INTO `msg_receival` VALUES ('5', 'block', '300992854633745729911435226520', '1004');
INSERT INTO `msg_receival` VALUES ('6', 'block', '300992854633745729911435226520', '1060');
INSERT INTO `msg_receival` VALUES ('7', 'block', '300992854633745729911435226520', '1020');
INSERT INTO `msg_receival` VALUES ('9', 'block', '300992854633745729911435226520', '1122');
INSERT INTO `msg_receival` VALUES ('2', 'block', '72219447456725597485020188335', '1101');
INSERT INTO `msg_receival` VALUES ('0', 'block', '72219447456725597485020188335', '1144');
INSERT INTO `msg_receival` VALUES ('1', 'block', '72219447456725597485020188335', '1103');
INSERT INTO `msg_receival` VALUES ('3', 'block', '72219447456725597485020188335', '1166');
INSERT INTO `msg_receival` VALUES ('4', 'block', '72219447456725597485020188335', '1381');
INSERT INTO `msg_receival` VALUES ('5', 'block', '72219447456725597485020188335', '1179');
INSERT INTO `msg_receival` VALUES ('6', 'block', '72219447456725597485020188335', '1137');
INSERT INTO `msg_receival` VALUES ('7', 'block', '72219447456725597485020188335', '1226');
INSERT INTO `msg_receival` VALUES ('8', 'block', '72219447456725597485020188335', '1169');
INSERT INTO `msg_receival` VALUES ('9', 'block', '72219447456725597485020188335', '1119');
INSERT INTO `msg_receival` VALUES ('0', 'block', '356190340222152737167810800353', '1101');
INSERT INTO `msg_receival` VALUES ('6', 'block', '356190340222152737167810800353', '1243');
INSERT INTO `msg_receival` VALUES ('5', 'block', '70251028786812071449494698843', '1201');
INSERT INTO `msg_receival` VALUES ('0', 'block', '70251028786812071449494698843', '1328');
INSERT INTO `msg_receival` VALUES ('1', 'block', '70251028786812071449494698843', '1227');
INSERT INTO `msg_receival` VALUES ('2', 'block', '70251028786812071449494698843', '1279');
INSERT INTO `msg_receival` VALUES ('3', 'block', '70251028786812071449494698843', '1334');
INSERT INTO `msg_receival` VALUES ('4', 'block', '70251028786812071449494698843', '1269');
INSERT INTO `msg_receival` VALUES ('6', 'block', '70251028786812071449494698843', '1315');
INSERT INTO `msg_receival` VALUES ('7', 'block', '70251028786812071449494698843', '1347');
INSERT INTO `msg_receival` VALUES ('8', 'block', '70251028786812071449494698843', '1229');
INSERT INTO `msg_receival` VALUES ('9', 'block', '70251028786812071449494698843', '1338');
INSERT INTO `msg_receival` VALUES ('4', 'block', '610054754627317145012836858260', '1301');
INSERT INTO `msg_receival` VALUES ('0', 'block', '610054754627317145012836858260', '1334');
INSERT INTO `msg_receival` VALUES ('1', 'block', '610054754627317145012836858260', '1515');
INSERT INTO `msg_receival` VALUES ('2', 'block', '610054754627317145012836858260', '1566');
INSERT INTO `msg_receival` VALUES ('3', 'block', '610054754627317145012836858260', '1319');
INSERT INTO `msg_receival` VALUES ('5', 'block', '610054754627317145012836858260', '1357');
INSERT INTO `msg_receival` VALUES ('6', 'block', '610054754627317145012836858260', '1311');
INSERT INTO `msg_receival` VALUES ('7', 'block', '610054754627317145012836858260', '1556');
INSERT INTO `msg_receival` VALUES ('8', 'block', '610054754627317145012836858260', '1335');
INSERT INTO `msg_receival` VALUES ('9', 'block', '610054754627317145012836858260', '1338');
INSERT INTO `msg_receival` VALUES ('3', 'block', '892109373587711590525044590332', '1401');
INSERT INTO `msg_receival` VALUES ('0', 'block', '892109373587711590525044590332', '1473');
INSERT INTO `msg_receival` VALUES ('1', 'block', '892109373587711590525044590332', '1648');
INSERT INTO `msg_receival` VALUES ('2', 'block', '892109373587711590525044590332', '1503');
INSERT INTO `msg_receival` VALUES ('4', 'block', '892109373587711590525044590332', '1426');
INSERT INTO `msg_receival` VALUES ('5', 'block', '892109373587711590525044590332', '1650');
INSERT INTO `msg_receival` VALUES ('6', 'block', '892109373587711590525044590332', '1587');
INSERT INTO `msg_receival` VALUES ('7', 'block', '892109373587711590525044590332', '1579');
INSERT INTO `msg_receival` VALUES ('8', 'block', '892109373587711590525044590332', '1690');
INSERT INTO `msg_receival` VALUES ('9', 'block', '892109373587711590525044590332', '1507');
INSERT INTO `msg_receival` VALUES ('6', 'block', '636903918715319684867315605791', '1401');
INSERT INTO `msg_receival` VALUES ('0', 'block', '636903918715319684867315605791', '1403');
INSERT INTO `msg_receival` VALUES ('0', 'block', '243422656752882229555276620327', '1501');
INSERT INTO `msg_receival` VALUES ('6', 'block', '243422656752882229555276620327', '1643');
INSERT INTO `msg_receival` VALUES ('1', 'block', '959649355607112104746309373839', '1601');
INSERT INTO `msg_receival` VALUES ('0', 'block', '959649355607112104746309373839', '1682');
INSERT INTO `msg_receival` VALUES ('2', 'block', '959649355607112104746309373839', '1746');
INSERT INTO `msg_receival` VALUES ('3', 'block', '959649355607112104746309373839', '1653');
INSERT INTO `msg_receival` VALUES ('4', 'block', '959649355607112104746309373839', '1692');
INSERT INTO `msg_receival` VALUES ('5', 'block', '959649355607112104746309373839', '1851');
INSERT INTO `msg_receival` VALUES ('6', 'block', '959649355607112104746309373839', '1702');
INSERT INTO `msg_receival` VALUES ('7', 'block', '959649355607112104746309373839', '1930');
INSERT INTO `msg_receival` VALUES ('8', 'block', '959649355607112104746309373839', '1643');
INSERT INTO `msg_receival` VALUES ('9', 'block', '959649355607112104746309373839', '1601');
INSERT INTO `msg_receival` VALUES ('8', 'block', '67204047366157776739478117323', '1701');
INSERT INTO `msg_receival` VALUES ('0', 'block', '67204047366157776739478117323', '1706');
INSERT INTO `msg_receival` VALUES ('1', 'block', '67204047366157776739478117323', '1707');
INSERT INTO `msg_receival` VALUES ('2', 'block', '67204047366157776739478117323', '1876');
INSERT INTO `msg_receival` VALUES ('3', 'block', '67204047366157776739478117323', '1889');
INSERT INTO `msg_receival` VALUES ('4', 'block', '67204047366157776739478117323', '1889');
INSERT INTO `msg_receival` VALUES ('5', 'block', '67204047366157776739478117323', '1850');
INSERT INTO `msg_receival` VALUES ('6', 'block', '67204047366157776739478117323', '1815');
INSERT INTO `msg_receival` VALUES ('7', 'block', '67204047366157776739478117323', '1720');
INSERT INTO `msg_receival` VALUES ('9', 'block', '67204047366157776739478117323', '1752');
INSERT INTO `msg_receival` VALUES ('2', 'block', '856402550503006435678970504425', '1801');
INSERT INTO `msg_receival` VALUES ('0', 'block', '856402550503006435678970504425', '2014');
INSERT INTO `msg_receival` VALUES ('1', 'block', '856402550503006435678970504425', '1870');
INSERT INTO `msg_receival` VALUES ('3', 'block', '856402550503006435678970504425', '1802');
INSERT INTO `msg_receival` VALUES ('4', 'block', '856402550503006435678970504425', '1808');
INSERT INTO `msg_receival` VALUES ('5', 'block', '856402550503006435678970504425', '2194');
INSERT INTO `msg_receival` VALUES ('6', 'block', '856402550503006435678970504425', '1843');
INSERT INTO `msg_receival` VALUES ('7', 'block', '856402550503006435678970504425', '1837');
INSERT INTO `msg_receival` VALUES ('8', 'block', '856402550503006435678970504425', '2086');
INSERT INTO `msg_receival` VALUES ('9', 'block', '856402550503006435678970504425', '2016');
INSERT INTO `msg_receival` VALUES ('0', 'block', '871765328595010573250985698143', '1801');
INSERT INTO `msg_receival` VALUES ('6', 'block', '871765328595010573250985698143', '1805');
INSERT INTO `msg_receival` VALUES ('4', 'block', '592878397889924809085486153785', '1901');
INSERT INTO `msg_receival` VALUES ('0', 'block', '592878397889924809085486153785', '2167');
INSERT INTO `msg_receival` VALUES ('1', 'block', '592878397889924809085486153785', '1982');
INSERT INTO `msg_receival` VALUES ('2', 'block', '592878397889924809085486153785', '1949');
INSERT INTO `msg_receival` VALUES ('3', 'block', '592878397889924809085486153785', '2066');
INSERT INTO `msg_receival` VALUES ('5', 'block', '592878397889924809085486153785', '2004');
INSERT INTO `msg_receival` VALUES ('6', 'block', '592878397889924809085486153785', '1901');
INSERT INTO `msg_receival` VALUES ('7', 'block', '592878397889924809085486153785', '1921');
INSERT INTO `msg_receival` VALUES ('8', 'block', '592878397889924809085486153785', '1902');
INSERT INTO `msg_receival` VALUES ('9', 'block', '592878397889924809085486153785', '1961');
INSERT INTO `msg_receival` VALUES ('6', 'block', '464366649430476516813678990148', '1901');
INSERT INTO `msg_receival` VALUES ('0', 'block', '464366649430476516813678990148', '1913');
INSERT INTO `msg_receival` VALUES ('3', 'block', '804372282678050407789704951535', '2001');
INSERT INTO `msg_receival` VALUES ('0', 'block', '804372282678050407789704951535', '2068');
INSERT INTO `msg_receival` VALUES ('1', 'block', '804372282678050407789704951535', '2189');
INSERT INTO `msg_receival` VALUES ('2', 'block', '804372282678050407789704951535', '2061');
INSERT INTO `msg_receival` VALUES ('4', 'block', '804372282678050407789704951535', '2018');
INSERT INTO `msg_receival` VALUES ('5', 'block', '804372282678050407789704951535', '2034');
INSERT INTO `msg_receival` VALUES ('6', 'block', '804372282678050407789704951535', '2330');
INSERT INTO `msg_receival` VALUES ('7', 'block', '804372282678050407789704951535', '2105');
INSERT INTO `msg_receival` VALUES ('8', 'block', '804372282678050407789704951535', '2047');
INSERT INTO `msg_receival` VALUES ('9', 'block', '804372282678050407789704951535', '2070');
INSERT INTO `msg_receival` VALUES ('0', 'block', '502709570406054145403331037048', '2001');
INSERT INTO `msg_receival` VALUES ('6', 'block', '502709570406054145403331037048', '2076');
INSERT INTO `msg_receival` VALUES ('7', 'block', '480799690421407812984869064024', '2101');
INSERT INTO `msg_receival` VALUES ('0', 'block', '480799690421407812984869064024', '2116');
INSERT INTO `msg_receival` VALUES ('1', 'block', '480799690421407812984869064024', '2141');
INSERT INTO `msg_receival` VALUES ('2', 'block', '480799690421407812984869064024', '2271');
INSERT INTO `msg_receival` VALUES ('3', 'block', '480799690421407812984869064024', '2187');
INSERT INTO `msg_receival` VALUES ('4', 'block', '480799690421407812984869064024', '2139');
INSERT INTO `msg_receival` VALUES ('5', 'block', '480799690421407812984869064024', '2193');
INSERT INTO `msg_receival` VALUES ('6', 'block', '480799690421407812984869064024', '2199');
INSERT INTO `msg_receival` VALUES ('8', 'block', '480799690421407812984869064024', '2187');
INSERT INTO `msg_receival` VALUES ('9', 'block', '480799690421407812984869064024', '2341');
INSERT INTO `msg_receival` VALUES ('1', 'block', '407220155653455448005805593269', '2201');
INSERT INTO `msg_receival` VALUES ('0', 'block', '407220155653455448005805593269', '2229');
INSERT INTO `msg_receival` VALUES ('2', 'block', '407220155653455448005805593269', '2206');
INSERT INTO `msg_receival` VALUES ('3', 'block', '407220155653455448005805593269', '2230');
INSERT INTO `msg_receival` VALUES ('4', 'block', '407220155653455448005805593269', '2212');
INSERT INTO `msg_receival` VALUES ('5', 'block', '407220155653455448005805593269', '2242');
INSERT INTO `msg_receival` VALUES ('6', 'block', '407220155653455448005805593269', '2286');
INSERT INTO `msg_receival` VALUES ('7', 'block', '407220155653455448005805593269', '2363');
INSERT INTO `msg_receival` VALUES ('8', 'block', '407220155653455448005805593269', '2500');
INSERT INTO `msg_receival` VALUES ('9', 'block', '407220155653455448005805593269', '2275');
INSERT INTO `msg_receival` VALUES ('6', 'block', '904219703882937550261259112072', '2201');
INSERT INTO `msg_receival` VALUES ('0', 'block', '904219703882937550261259112072', '2250');
INSERT INTO `msg_receival` VALUES ('0', 'block', '804139517373255319506055599350', '2301');
INSERT INTO `msg_receival` VALUES ('6', 'block', '804139517373255319506055599350', '2393');
INSERT INTO `msg_receival` VALUES ('8', 'block', '807892589807416117778272438205', '2401');
INSERT INTO `msg_receival` VALUES ('0', 'block', '807892589807416117778272438205', '2470');
INSERT INTO `msg_receival` VALUES ('1', 'block', '807892589807416117778272438205', '2428');
INSERT INTO `msg_receival` VALUES ('2', 'block', '807892589807416117778272438205', '2446');
INSERT INTO `msg_receival` VALUES ('3', 'block', '807892589807416117778272438205', '2535');
INSERT INTO `msg_receival` VALUES ('4', 'block', '807892589807416117778272438205', '2464');
INSERT INTO `msg_receival` VALUES ('5', 'block', '807892589807416117778272438205', '2472');
INSERT INTO `msg_receival` VALUES ('6', 'block', '807892589807416117778272438205', '2576');
INSERT INTO `msg_receival` VALUES ('7', 'block', '807892589807416117778272438205', '2461');
INSERT INTO `msg_receival` VALUES ('9', 'block', '807892589807416117778272438205', '2632');
INSERT INTO `msg_receival` VALUES ('0', 'block', '1195572446803077355387638049', '2401');
INSERT INTO `msg_receival` VALUES ('6', 'block', '1195572446803077355387638049', '2434');
INSERT INTO `msg_receival` VALUES ('2', 'block', '261851518211884887591433872127', '2501');
INSERT INTO `msg_receival` VALUES ('0', 'block', '261851518211884887591433872127', '2527');
INSERT INTO `msg_receival` VALUES ('1', 'block', '261851518211884887591433872127', '2551');
INSERT INTO `msg_receival` VALUES ('3', 'block', '261851518211884887591433872127', '2565');
INSERT INTO `msg_receival` VALUES ('4', 'block', '261851518211884887591433872127', '2559');
INSERT INTO `msg_receival` VALUES ('5', 'block', '261851518211884887591433872127', '2507');
INSERT INTO `msg_receival` VALUES ('6', 'block', '261851518211884887591433872127', '2537');
INSERT INTO `msg_receival` VALUES ('7', 'block', '261851518211884887591433872127', '2518');
INSERT INTO `msg_receival` VALUES ('8', 'block', '261851518211884887591433872127', '2525');
INSERT INTO `msg_receival` VALUES ('9', 'block', '261851518211884887591433872127', '2527');
INSERT INTO `msg_receival` VALUES ('6', 'block', '90711050422101519902598177013', '2501');
INSERT INTO `msg_receival` VALUES ('0', 'block', '90711050422101519902598177013', '2685');
INSERT INTO `msg_receival` VALUES ('4', 'block', '557986970255339300074287580553', '2701');
INSERT INTO `msg_receival` VALUES ('0', 'block', '557986970255339300074287580553', '2745');
INSERT INTO `msg_receival` VALUES ('1', 'block', '557986970255339300074287580553', '2724');
INSERT INTO `msg_receival` VALUES ('2', 'block', '557986970255339300074287580553', '2760');
INSERT INTO `msg_receival` VALUES ('3', 'block', '557986970255339300074287580553', '2799');
INSERT INTO `msg_receival` VALUES ('5', 'block', '557986970255339300074287580553', '2706');
INSERT INTO `msg_receival` VALUES ('6', 'block', '557986970255339300074287580553', '2824');
INSERT INTO `msg_receival` VALUES ('7', 'block', '557986970255339300074287580553', '2945');
INSERT INTO `msg_receival` VALUES ('8', 'block', '557986970255339300074287580553', '2959');
INSERT INTO `msg_receival` VALUES ('9', 'block', '557986970255339300074287580553', '2702');
INSERT INTO `msg_receival` VALUES ('0', 'block', '42986445723643926996324619213', '2701');
INSERT INTO `msg_receival` VALUES ('6', 'block', '42986445723643926996324619213', '2778');
INSERT INTO `msg_receival` VALUES ('1', 'block', '828221865811009319652110757845', '2801');
INSERT INTO `msg_receival` VALUES ('0', 'block', '828221865811009319652110757845', '2950');
INSERT INTO `msg_receival` VALUES ('2', 'block', '828221865811009319652110757845', '2904');
INSERT INTO `msg_receival` VALUES ('3', 'block', '828221865811009319652110757845', '2825');
INSERT INTO `msg_receival` VALUES ('4', 'block', '828221865811009319652110757845', '2834');
INSERT INTO `msg_receival` VALUES ('5', 'block', '828221865811009319652110757845', '2892');
INSERT INTO `msg_receival` VALUES ('6', 'block', '828221865811009319652110757845', '2861');
INSERT INTO `msg_receival` VALUES ('7', 'block', '828221865811009319652110757845', '2894');
INSERT INTO `msg_receival` VALUES ('8', 'block', '828221865811009319652110757845', '2959');
INSERT INTO `msg_receival` VALUES ('9', 'block', '828221865811009319652110757845', '2981');
INSERT INTO `msg_receival` VALUES ('6', 'block', '761453706539009682814561013554', '2801');
INSERT INTO `msg_receival` VALUES ('0', 'block', '761453706539009682814561013554', '2811');
INSERT INTO `msg_receival` VALUES ('3', 'block', '612742211618743089646389205391', '2901');
INSERT INTO `msg_receival` VALUES ('0', 'block', '612742211618743089646389205391', '3244');
INSERT INTO `msg_receival` VALUES ('1', 'block', '612742211618743089646389205391', '2966');
INSERT INTO `msg_receival` VALUES ('2', 'block', '612742211618743089646389205391', '2957');
INSERT INTO `msg_receival` VALUES ('4', 'block', '612742211618743089646389205391', '2956');
INSERT INTO `msg_receival` VALUES ('5', 'block', '612742211618743089646389205391', '2930');
INSERT INTO `msg_receival` VALUES ('6', 'block', '612742211618743089646389205391', '2943');
INSERT INTO `msg_receival` VALUES ('7', 'block', '612742211618743089646389205391', '2922');
INSERT INTO `msg_receival` VALUES ('8', 'block', '612742211618743089646389205391', '2918');
INSERT INTO `msg_receival` VALUES ('9', 'block', '612742211618743089646389205391', '2906');
INSERT INTO `msg_receival` VALUES ('8', 'block', '823755801128670540822237442927', '3001');
INSERT INTO `msg_receival` VALUES ('0', 'block', '823755801128670540822237442927', '3008');
INSERT INTO `msg_receival` VALUES ('1', 'block', '823755801128670540822237442927', '3453');
INSERT INTO `msg_receival` VALUES ('2', 'block', '823755801128670540822237442927', '3032');
INSERT INTO `msg_receival` VALUES ('3', 'block', '823755801128670540822237442927', '3043');
INSERT INTO `msg_receival` VALUES ('4', 'block', '823755801128670540822237442927', '3042');
INSERT INTO `msg_receival` VALUES ('5', 'block', '823755801128670540822237442927', '3029');
INSERT INTO `msg_receival` VALUES ('6', 'block', '823755801128670540822237442927', '3119');
INSERT INTO `msg_receival` VALUES ('7', 'block', '823755801128670540822237442927', '3043');
INSERT INTO `msg_receival` VALUES ('9', 'block', '823755801128670540822237442927', '3018');
INSERT INTO `msg_receival` VALUES ('0', 'block', '880541147872321521348553200701', '3001');
INSERT INTO `msg_receival` VALUES ('6', 'block', '880541147872321521348553200701', '3005');
INSERT INTO `msg_receival` VALUES ('2', 'block', '340220712551836946205943286648', '3101');
INSERT INTO `msg_receival` VALUES ('0', 'block', '340220712551836946205943286648', '3119');
INSERT INTO `msg_receival` VALUES ('1', 'block', '340220712551836946205943286648', '3128');
INSERT INTO `msg_receival` VALUES ('3', 'block', '340220712551836946205943286648', '3101');
INSERT INTO `msg_receival` VALUES ('4', 'block', '340220712551836946205943286648', '3431');
INSERT INTO `msg_receival` VALUES ('5', 'block', '340220712551836946205943286648', '3149');
INSERT INTO `msg_receival` VALUES ('6', 'block', '340220712551836946205943286648', '3105');
INSERT INTO `msg_receival` VALUES ('7', 'block', '340220712551836946205943286648', '3149');
INSERT INTO `msg_receival` VALUES ('8', 'block', '340220712551836946205943286648', '3393');
INSERT INTO `msg_receival` VALUES ('9', 'block', '340220712551836946205943286648', '3244');
INSERT INTO `msg_receival` VALUES ('5', 'block', '421035002830015750085669913773', '3201');
INSERT INTO `msg_receival` VALUES ('0', 'block', '421035002830015750085669913773', '3219');
INSERT INTO `msg_receival` VALUES ('1', 'block', '421035002830015750085669913773', '3307');
INSERT INTO `msg_receival` VALUES ('2', 'block', '421035002830015750085669913773', '3406');
INSERT INTO `msg_receival` VALUES ('3', 'block', '421035002830015750085669913773', '3331');
INSERT INTO `msg_receival` VALUES ('4', 'block', '421035002830015750085669913773', '3263');
INSERT INTO `msg_receival` VALUES ('6', 'block', '421035002830015750085669913773', '3498');
INSERT INTO `msg_receival` VALUES ('7', 'block', '421035002830015750085669913773', '3338');
INSERT INTO `msg_receival` VALUES ('8', 'block', '421035002830015750085669913773', '3213');
INSERT INTO `msg_receival` VALUES ('9', 'block', '421035002830015750085669913773', '3218');
INSERT INTO `msg_receival` VALUES ('0', 'block', '157364938391178773601123300945', '3201');
INSERT INTO `msg_receival` VALUES ('6', 'block', '157364938391178773601123300945', '3224');
INSERT INTO `msg_receival` VALUES ('7', 'block', '229990893885111049932692703618', '3301');
INSERT INTO `msg_receival` VALUES ('0', 'block', '229990893885111049932692703618', '3334');
INSERT INTO `msg_receival` VALUES ('1', 'block', '229990893885111049932692703618', '3555');
INSERT INTO `msg_receival` VALUES ('2', 'block', '229990893885111049932692703618', '3306');
INSERT INTO `msg_receival` VALUES ('3', 'block', '229990893885111049932692703618', '3429');
INSERT INTO `msg_receival` VALUES ('4', 'block', '229990893885111049932692703618', '3304');
INSERT INTO `msg_receival` VALUES ('5', 'block', '229990893885111049932692703618', '3461');
INSERT INTO `msg_receival` VALUES ('6', 'block', '229990893885111049932692703618', '3389');
INSERT INTO `msg_receival` VALUES ('8', 'block', '229990893885111049932692703618', '3303');
INSERT INTO `msg_receival` VALUES ('9', 'block', '229990893885111049932692703618', '3309');
INSERT INTO `msg_receival` VALUES ('6', 'block', '314591187344584936126849596944', '3301');
INSERT INTO `msg_receival` VALUES ('0', 'block', '314591187344584936126849596944', '3369');
INSERT INTO `msg_receival` VALUES ('1', 'block', '234903779164636910075081021948', '3401');
INSERT INTO `msg_receival` VALUES ('0', 'block', '234903779164636910075081021948', '3450');
INSERT INTO `msg_receival` VALUES ('2', 'block', '234903779164636910075081021948', '3411');
INSERT INTO `msg_receival` VALUES ('3', 'block', '234903779164636910075081021948', '3582');
INSERT INTO `msg_receival` VALUES ('4', 'block', '234903779164636910075081021948', '3416');
INSERT INTO `msg_receival` VALUES ('5', 'block', '234903779164636910075081021948', '3420');
INSERT INTO `msg_receival` VALUES ('6', 'block', '234903779164636910075081021948', '3536');
INSERT INTO `msg_receival` VALUES ('7', 'block', '234903779164636910075081021948', '3471');
INSERT INTO `msg_receival` VALUES ('8', 'block', '234903779164636910075081021948', '3437');
INSERT INTO `msg_receival` VALUES ('9', 'block', '234903779164636910075081021948', '3469');
INSERT INTO `msg_receival` VALUES ('0', 'block', '147260381353209789398407199941', '3501');
INSERT INTO `msg_receival` VALUES ('6', 'block', '147260381353209789398407199941', '3784');
INSERT INTO `msg_receival` VALUES ('4', 'block', '829283787801616760776890411155', '3601');
INSERT INTO `msg_receival` VALUES ('0', 'block', '829283787801616760776890411155', '3612');
INSERT INTO `msg_receival` VALUES ('1', 'block', '829283787801616760776890411155', '3633');
INSERT INTO `msg_receival` VALUES ('2', 'block', '829283787801616760776890411155', '3679');
INSERT INTO `msg_receival` VALUES ('3', 'block', '829283787801616760776890411155', '3670');
INSERT INTO `msg_receival` VALUES ('5', 'block', '829283787801616760776890411155', '3622');
INSERT INTO `msg_receival` VALUES ('6', 'block', '829283787801616760776890411155', '3944');
INSERT INTO `msg_receival` VALUES ('7', 'block', '829283787801616760776890411155', '3761');
INSERT INTO `msg_receival` VALUES ('8', 'block', '829283787801616760776890411155', '3637');
INSERT INTO `msg_receival` VALUES ('9', 'block', '829283787801616760776890411155', '3716');
INSERT INTO `msg_receival` VALUES ('6', 'block', '34696777209935950910828621558', '3701');
INSERT INTO `msg_receival` VALUES ('0', 'block', '34696777209935950910828621558', '3774');
INSERT INTO `msg_receival` VALUES ('3', 'block', '477764485378427187455001556502', '3801');
INSERT INTO `msg_receival` VALUES ('0', 'block', '477764485378427187455001556502', '3998');
INSERT INTO `msg_receival` VALUES ('1', 'block', '477764485378427187455001556502', '3805');
INSERT INTO `msg_receival` VALUES ('2', 'block', '477764485378427187455001556502', '3886');
INSERT INTO `msg_receival` VALUES ('4', 'block', '477764485378427187455001556502', '3956');
INSERT INTO `msg_receival` VALUES ('5', 'block', '477764485378427187455001556502', '3882');
INSERT INTO `msg_receival` VALUES ('6', 'block', '477764485378427187455001556502', '3844');
INSERT INTO `msg_receival` VALUES ('7', 'block', '477764485378427187455001556502', '4059');
INSERT INTO `msg_receival` VALUES ('8', 'block', '477764485378427187455001556502', '3918');
INSERT INTO `msg_receival` VALUES ('9', 'block', '477764485378427187455001556502', '3825');
INSERT INTO `msg_receival` VALUES ('0', 'block', '822637317614311871600306889540', '3801');
INSERT INTO `msg_receival` VALUES ('6', 'block', '822637317614311871600306889540', '3869');
INSERT INTO `msg_receival` VALUES ('8', 'block', '265911440754184478528764422641', '3901');
INSERT INTO `msg_receival` VALUES ('0', 'block', '265911440754184478528764422641', '3926');
INSERT INTO `msg_receival` VALUES ('1', 'block', '265911440754184478528764422641', '3919');
INSERT INTO `msg_receival` VALUES ('2', 'block', '265911440754184478528764422641', '4055');
INSERT INTO `msg_receival` VALUES ('3', 'block', '265911440754184478528764422641', '3917');
INSERT INTO `msg_receival` VALUES ('4', 'block', '265911440754184478528764422641', '4267');
INSERT INTO `msg_receival` VALUES ('5', 'block', '265911440754184478528764422641', '4218');
INSERT INTO `msg_receival` VALUES ('6', 'block', '265911440754184478528764422641', '3903');
INSERT INTO `msg_receival` VALUES ('7', 'block', '265911440754184478528764422641', '3931');
INSERT INTO `msg_receival` VALUES ('9', 'block', '265911440754184478528764422641', '4049');
INSERT INTO `msg_receival` VALUES ('2', 'block', '219833439423447618785094850824', '4001');
INSERT INTO `msg_receival` VALUES ('0', 'block', '219833439423447618785094850824', '4064');
INSERT INTO `msg_receival` VALUES ('1', 'block', '219833439423447618785094850824', '4020');
INSERT INTO `msg_receival` VALUES ('3', 'block', '219833439423447618785094850824', '4115');
INSERT INTO `msg_receival` VALUES ('4', 'block', '219833439423447618785094850824', '4252');
INSERT INTO `msg_receival` VALUES ('5', 'block', '219833439423447618785094850824', '4152');
INSERT INTO `msg_receival` VALUES ('6', 'block', '219833439423447618785094850824', '4014');
INSERT INTO `msg_receival` VALUES ('7', 'block', '219833439423447618785094850824', '4099');
INSERT INTO `msg_receival` VALUES ('8', 'block', '219833439423447618785094850824', '4059');
INSERT INTO `msg_receival` VALUES ('9', 'block', '219833439423447618785094850824', '4220');
INSERT INTO `msg_receival` VALUES ('0', 'block', '837634919828009966066762330754', '4001');
INSERT INTO `msg_receival` VALUES ('6', 'block', '837634919828009966066762330754', '4079');
INSERT INTO `msg_receival` VALUES ('1', 'block', '403460061488191039443683640062', '4101');
INSERT INTO `msg_receival` VALUES ('0', 'block', '403460061488191039443683640062', '4173');
INSERT INTO `msg_receival` VALUES ('2', 'block', '403460061488191039443683640062', '4227');
INSERT INTO `msg_receival` VALUES ('3', 'block', '403460061488191039443683640062', '4103');
INSERT INTO `msg_receival` VALUES ('4', 'block', '403460061488191039443683640062', '4163');
INSERT INTO `msg_receival` VALUES ('5', 'block', '403460061488191039443683640062', '4220');
INSERT INTO `msg_receival` VALUES ('6', 'block', '403460061488191039443683640062', '4270');
INSERT INTO `msg_receival` VALUES ('7', 'block', '403460061488191039443683640062', '4129');
INSERT INTO `msg_receival` VALUES ('8', 'block', '403460061488191039443683640062', '4161');
INSERT INTO `msg_receival` VALUES ('9', 'block', '403460061488191039443683640062', '4130');
INSERT INTO `msg_receival` VALUES ('6', 'block', '732010536333962575874549382307', '4101');
INSERT INTO `msg_receival` VALUES ('0', 'block', '732010536333962575874549382307', '4117');
INSERT INTO `msg_receival` VALUES ('9', 'block', '632852936260976955145551715208', '4201');
INSERT INTO `msg_receival` VALUES ('0', 'block', '632852936260976955145551715208', '4380');
INSERT INTO `msg_receival` VALUES ('1', 'block', '632852936260976955145551715208', '4360');
INSERT INTO `msg_receival` VALUES ('2', 'block', '632852936260976955145551715208', '4203');
INSERT INTO `msg_receival` VALUES ('3', 'block', '632852936260976955145551715208', '4271');
INSERT INTO `msg_receival` VALUES ('4', 'block', '632852936260976955145551715208', '4371');
INSERT INTO `msg_receival` VALUES ('5', 'block', '632852936260976955145551715208', '4266');
INSERT INTO `msg_receival` VALUES ('6', 'block', '632852936260976955145551715208', '4294');
INSERT INTO `msg_receival` VALUES ('7', 'block', '632852936260976955145551715208', '4246');
INSERT INTO `msg_receival` VALUES ('8', 'block', '632852936260976955145551715208', '4315');
INSERT INTO `msg_receival` VALUES ('4', 'block', '936687541354614911320200555745', '4301');
INSERT INTO `msg_receival` VALUES ('0', 'block', '936687541354614911320200555745', '4317');
INSERT INTO `msg_receival` VALUES ('1', 'block', '936687541354614911320200555745', '4497');
INSERT INTO `msg_receival` VALUES ('2', 'block', '936687541354614911320200555745', '4665');
INSERT INTO `msg_receival` VALUES ('3', 'block', '936687541354614911320200555745', '4396');
INSERT INTO `msg_receival` VALUES ('5', 'block', '936687541354614911320200555745', '4426');
INSERT INTO `msg_receival` VALUES ('6', 'block', '936687541354614911320200555745', '4556');
INSERT INTO `msg_receival` VALUES ('7', 'block', '936687541354614911320200555745', '4410');
INSERT INTO `msg_receival` VALUES ('8', 'block', '936687541354614911320200555745', '4457');
INSERT INTO `msg_receival` VALUES ('9', 'block', '936687541354614911320200555745', '4432');
INSERT INTO `msg_receival` VALUES ('0', 'block', '324513731794975903016691489065', '4301');
INSERT INTO `msg_receival` VALUES ('6', 'block', '324513731794975903016691489065', '4460');
INSERT INTO `msg_receival` VALUES ('8', 'block', '45050560276662679763930171306', '4401');
INSERT INTO `msg_receival` VALUES ('0', 'block', '45050560276662679763930171306', '4445');
INSERT INTO `msg_receival` VALUES ('1', 'block', '45050560276662679763930171306', '4442');
INSERT INTO `msg_receival` VALUES ('2', 'block', '45050560276662679763930171306', '4478');
INSERT INTO `msg_receival` VALUES ('3', 'block', '45050560276662679763930171306', '4550');
INSERT INTO `msg_receival` VALUES ('4', 'block', '45050560276662679763930171306', '4990');
INSERT INTO `msg_receival` VALUES ('5', 'block', '45050560276662679763930171306', '4486');
INSERT INTO `msg_receival` VALUES ('6', 'block', '45050560276662679763930171306', '4548');
INSERT INTO `msg_receival` VALUES ('7', 'block', '45050560276662679763930171306', '4447');
INSERT INTO `msg_receival` VALUES ('9', 'block', '45050560276662679763930171306', '4586');
INSERT INTO `msg_receival` VALUES ('6', 'block', '937650141805951539691162409394', '4401');
INSERT INTO `msg_receival` VALUES ('0', 'block', '937650141805951539691162409394', '4411');
INSERT INTO `msg_receival` VALUES ('3', 'block', '526568573561697544484500541008', '4501');
INSERT INTO `msg_receival` VALUES ('0', 'block', '526568573561697544484500541008', '4641');
INSERT INTO `msg_receival` VALUES ('1', 'block', '526568573561697544484500541008', '4771');
INSERT INTO `msg_receival` VALUES ('2', 'block', '526568573561697544484500541008', '4556');
INSERT INTO `msg_receival` VALUES ('4', 'block', '526568573561697544484500541008', '4501');
INSERT INTO `msg_receival` VALUES ('5', 'block', '526568573561697544484500541008', '4613');
INSERT INTO `msg_receival` VALUES ('6', 'block', '526568573561697544484500541008', '4562');
INSERT INTO `msg_receival` VALUES ('7', 'block', '526568573561697544484500541008', '4852');
INSERT INTO `msg_receival` VALUES ('8', 'block', '526568573561697544484500541008', '4584');
INSERT INTO `msg_receival` VALUES ('9', 'block', '526568573561697544484500541008', '4638');
INSERT INTO `msg_receival` VALUES ('0', 'block', '773197277290668681225900823244', '4501');
INSERT INTO `msg_receival` VALUES ('6', 'block', '773197277290668681225900823244', '4651');
INSERT INTO `msg_receival` VALUES ('2', 'block', '167619173539673048861560774380', '4601');
INSERT INTO `msg_receival` VALUES ('0', 'block', '167619173539673048861560774380', '4609');
INSERT INTO `msg_receival` VALUES ('1', 'block', '167619173539673048861560774380', '4607');
INSERT INTO `msg_receival` VALUES ('3', 'block', '167619173539673048861560774380', '4896');
INSERT INTO `msg_receival` VALUES ('4', 'block', '167619173539673048861560774380', '4644');
INSERT INTO `msg_receival` VALUES ('5', 'block', '167619173539673048861560774380', '4645');
INSERT INTO `msg_receival` VALUES ('6', 'block', '167619173539673048861560774380', '4657');
INSERT INTO `msg_receival` VALUES ('7', 'block', '167619173539673048861560774380', '4607');
INSERT INTO `msg_receival` VALUES ('8', 'block', '167619173539673048861560774380', '4628');
INSERT INTO `msg_receival` VALUES ('9', 'block', '167619173539673048861560774380', '4655');
INSERT INTO `msg_receival` VALUES ('1', 'block', '100162561231294487098145691254', '4701');
INSERT INTO `msg_receival` VALUES ('0', 'block', '100162561231294487098145691254', '4899');
INSERT INTO `msg_receival` VALUES ('2', 'block', '100162561231294487098145691254', '4827');
INSERT INTO `msg_receival` VALUES ('3', 'block', '100162561231294487098145691254', '4817');
INSERT INTO `msg_receival` VALUES ('4', 'block', '100162561231294487098145691254', '4759');
INSERT INTO `msg_receival` VALUES ('5', 'block', '100162561231294487098145691254', '4746');
INSERT INTO `msg_receival` VALUES ('6', 'block', '100162561231294487098145691254', '4823');
INSERT INTO `msg_receival` VALUES ('7', 'block', '100162561231294487098145691254', '4959');
INSERT INTO `msg_receival` VALUES ('8', 'block', '100162561231294487098145691254', '4772');
INSERT INTO `msg_receival` VALUES ('9', 'block', '100162561231294487098145691254', '4852');
INSERT INTO `msg_receival` VALUES ('0', 'block', '465754435566379276725266328075', '4801');
INSERT INTO `msg_receival` VALUES ('6', 'block', '465754435566379276725266328075', '4910');
INSERT INTO `msg_receival` VALUES ('7', 'block', '106032072297653616225329455951', '4901');
INSERT INTO `msg_receival` VALUES ('0', 'block', '106032072297653616225329455951', '5100');
INSERT INTO `msg_receival` VALUES ('1', 'block', '106032072297653616225329455951', '5086');
INSERT INTO `msg_receival` VALUES ('2', 'block', '106032072297653616225329455951', '5162');
INSERT INTO `msg_receival` VALUES ('3', 'block', '106032072297653616225329455951', '5196');
INSERT INTO `msg_receival` VALUES ('4', 'block', '106032072297653616225329455951', '4904');
INSERT INTO `msg_receival` VALUES ('5', 'block', '106032072297653616225329455951', '4924');
INSERT INTO `msg_receival` VALUES ('6', 'block', '106032072297653616225329455951', '4979');
INSERT INTO `msg_receival` VALUES ('8', 'block', '106032072297653616225329455951', '5161');
INSERT INTO `msg_receival` VALUES ('9', 'block', '106032072297653616225329455951', '5026');
INSERT INTO `msg_receival` VALUES ('6', 'block', '546842592169795847614002902143', '4901');
INSERT INTO `msg_receival` VALUES ('0', 'block', '546842592169795847614002902143', '5192');
INSERT INTO `msg_receival` VALUES ('1', 'block', '373161840170589759720407842374', '5163');
INSERT INTO `msg_receival` VALUES ('2', 'block', '373161840170589759720407842374', '4940');
INSERT INTO `msg_receival` VALUES ('3', 'block', '373161840170589759720407842374', '4967');
INSERT INTO `msg_receival` VALUES ('4', 'block', '373161840170589759720407842374', '5696');
INSERT INTO `msg_receival` VALUES ('5', 'block', '373161840170589759720407842374', '5088');
INSERT INTO `msg_receival` VALUES ('7', 'block', '373161840170589759720407842374', '5466');
INSERT INTO `msg_receival` VALUES ('8', 'block', '373161840170589759720407842374', '5221');
INSERT INTO `msg_receival` VALUES ('9', 'block', '373161840170589759720407842374', '5236');
INSERT INTO `msg_receival` VALUES ('1', 'block', '852361193386732419621605448174', '5511');
INSERT INTO `msg_receival` VALUES ('2', 'block', '852361193386732419621605448174', '4925');
INSERT INTO `msg_receival` VALUES ('3', 'block', '852361193386732419621605448174', '5328');
INSERT INTO `msg_receival` VALUES ('4', 'block', '852361193386732419621605448174', '5717');
INSERT INTO `msg_receival` VALUES ('5', 'block', '852361193386732419621605448174', '5151');
INSERT INTO `msg_receival` VALUES ('7', 'block', '852361193386732419621605448174', '4960');
INSERT INTO `msg_receival` VALUES ('8', 'block', '852361193386732419621605448174', '5701');
INSERT INTO `msg_receival` VALUES ('9', 'block', '852361193386732419621605448174', '5171');
INSERT INTO `msg_receival` VALUES ('1', 'block', '356190340222152737167810800353', '5034');
INSERT INTO `msg_receival` VALUES ('2', 'block', '356190340222152737167810800353', '4949');
INSERT INTO `msg_receival` VALUES ('3', 'block', '356190340222152737167810800353', '5021');
INSERT INTO `msg_receival` VALUES ('4', 'block', '356190340222152737167810800353', '5275');
INSERT INTO `msg_receival` VALUES ('5', 'block', '356190340222152737167810800353', '4920');
INSERT INTO `msg_receival` VALUES ('7', 'block', '356190340222152737167810800353', '5337');
INSERT INTO `msg_receival` VALUES ('8', 'block', '356190340222152737167810800353', '5032');
INSERT INTO `msg_receival` VALUES ('9', 'block', '356190340222152737167810800353', '5242');
INSERT INTO `msg_receival` VALUES ('1', 'block', '636903918715319684867315605791', '5561');
INSERT INTO `msg_receival` VALUES ('2', 'block', '636903918715319684867315605791', '4981');
INSERT INTO `msg_receival` VALUES ('3', 'block', '636903918715319684867315605791', '4930');
INSERT INTO `msg_receival` VALUES ('4', 'block', '636903918715319684867315605791', '4966');
INSERT INTO `msg_receival` VALUES ('5', 'block', '636903918715319684867315605791', '5098');
INSERT INTO `msg_receival` VALUES ('7', 'block', '636903918715319684867315605791', '5382');
INSERT INTO `msg_receival` VALUES ('8', 'block', '636903918715319684867315605791', '5376');
INSERT INTO `msg_receival` VALUES ('9', 'block', '636903918715319684867315605791', '5776');
INSERT INTO `msg_receival` VALUES ('1', 'block', '243422656752882229555276620327', '4936');
INSERT INTO `msg_receival` VALUES ('2', 'block', '243422656752882229555276620327', '5829');
INSERT INTO `msg_receival` VALUES ('3', 'block', '243422656752882229555276620327', '5478');
INSERT INTO `msg_receival` VALUES ('4', 'block', '243422656752882229555276620327', '4941');
INSERT INTO `msg_receival` VALUES ('5', 'block', '243422656752882229555276620327', '5689');
INSERT INTO `msg_receival` VALUES ('7', 'block', '243422656752882229555276620327', '5369');
INSERT INTO `msg_receival` VALUES ('8', 'block', '243422656752882229555276620327', '5216');
INSERT INTO `msg_receival` VALUES ('9', 'block', '243422656752882229555276620327', '5424');
INSERT INTO `msg_receival` VALUES ('1', 'block', '871765328595010573250985698143', '4927');
INSERT INTO `msg_receival` VALUES ('2', 'block', '871765328595010573250985698143', '5490');
INSERT INTO `msg_receival` VALUES ('3', 'block', '871765328595010573250985698143', '5018');
INSERT INTO `msg_receival` VALUES ('4', 'block', '871765328595010573250985698143', '4925');
INSERT INTO `msg_receival` VALUES ('5', 'block', '871765328595010573250985698143', '5228');
INSERT INTO `msg_receival` VALUES ('7', 'block', '871765328595010573250985698143', '5452');
INSERT INTO `msg_receival` VALUES ('8', 'block', '871765328595010573250985698143', '5024');
INSERT INTO `msg_receival` VALUES ('9', 'block', '871765328595010573250985698143', '5490');
INSERT INTO `msg_receival` VALUES ('1', 'block', '464366649430476516813678990148', '5094');
INSERT INTO `msg_receival` VALUES ('2', 'block', '464366649430476516813678990148', '5103');
INSERT INTO `msg_receival` VALUES ('3', 'block', '464366649430476516813678990148', '5322');
INSERT INTO `msg_receival` VALUES ('4', 'block', '464366649430476516813678990148', '4929');
INSERT INTO `msg_receival` VALUES ('5', 'block', '464366649430476516813678990148', '5885');
INSERT INTO `msg_receival` VALUES ('7', 'block', '464366649430476516813678990148', '5139');
INSERT INTO `msg_receival` VALUES ('8', 'block', '464366649430476516813678990148', '5187');
INSERT INTO `msg_receival` VALUES ('9', 'block', '464366649430476516813678990148', '5088');
INSERT INTO `msg_receival` VALUES ('1', 'block', '502709570406054145403331037048', '4952');
INSERT INTO `msg_receival` VALUES ('2', 'block', '502709570406054145403331037048', '5208');
INSERT INTO `msg_receival` VALUES ('3', 'block', '502709570406054145403331037048', '5543');
INSERT INTO `msg_receival` VALUES ('4', 'block', '502709570406054145403331037048', '4933');
INSERT INTO `msg_receival` VALUES ('5', 'block', '502709570406054145403331037048', '4914');
INSERT INTO `msg_receival` VALUES ('7', 'block', '502709570406054145403331037048', '5248');
INSERT INTO `msg_receival` VALUES ('8', 'block', '502709570406054145403331037048', '5276');
INSERT INTO `msg_receival` VALUES ('9', 'block', '502709570406054145403331037048', '4944');
INSERT INTO `msg_receival` VALUES ('1', 'block', '904219703882937550261259112072', '5134');
INSERT INTO `msg_receival` VALUES ('2', 'block', '904219703882937550261259112072', '5099');
INSERT INTO `msg_receival` VALUES ('3', 'block', '904219703882937550261259112072', '5393');
INSERT INTO `msg_receival` VALUES ('4', 'block', '904219703882937550261259112072', '5022');
INSERT INTO `msg_receival` VALUES ('5', 'block', '904219703882937550261259112072', '4976');
INSERT INTO `msg_receival` VALUES ('7', 'block', '904219703882937550261259112072', '5241');
INSERT INTO `msg_receival` VALUES ('8', 'block', '904219703882937550261259112072', '5012');
INSERT INTO `msg_receival` VALUES ('9', 'block', '904219703882937550261259112072', '5069');
INSERT INTO `msg_receival` VALUES ('1', 'block', '804139517373255319506055599350', '5217');
INSERT INTO `msg_receival` VALUES ('2', 'block', '804139517373255319506055599350', '5003');
INSERT INTO `msg_receival` VALUES ('3', 'block', '804139517373255319506055599350', '5359');
INSERT INTO `msg_receival` VALUES ('4', 'block', '804139517373255319506055599350', '5191');
INSERT INTO `msg_receival` VALUES ('5', 'block', '804139517373255319506055599350', '5369');
INSERT INTO `msg_receival` VALUES ('7', 'block', '804139517373255319506055599350', '4931');
INSERT INTO `msg_receival` VALUES ('8', 'block', '804139517373255319506055599350', '4995');
INSERT INTO `msg_receival` VALUES ('9', 'block', '804139517373255319506055599350', '4948');
INSERT INTO `msg_receival` VALUES ('1', 'block', '1195572446803077355387638049', '4951');
INSERT INTO `msg_receival` VALUES ('2', 'block', '1195572446803077355387638049', '5230');
INSERT INTO `msg_receival` VALUES ('3', 'block', '1195572446803077355387638049', '5007');
INSERT INTO `msg_receival` VALUES ('4', 'block', '1195572446803077355387638049', '5037');
INSERT INTO `msg_receival` VALUES ('5', 'block', '1195572446803077355387638049', '5016');
INSERT INTO `msg_receival` VALUES ('7', 'block', '1195572446803077355387638049', '5071');
INSERT INTO `msg_receival` VALUES ('8', 'block', '1195572446803077355387638049', '5061');
INSERT INTO `msg_receival` VALUES ('9', 'block', '1195572446803077355387638049', '5155');
INSERT INTO `msg_receival` VALUES ('1', 'block', '90711050422101519902598177013', '5211');
INSERT INTO `msg_receival` VALUES ('2', 'block', '90711050422101519902598177013', '5405');
INSERT INTO `msg_receival` VALUES ('3', 'block', '90711050422101519902598177013', '5096');
INSERT INTO `msg_receival` VALUES ('4', 'block', '90711050422101519902598177013', '4954');
INSERT INTO `msg_receival` VALUES ('5', 'block', '90711050422101519902598177013', '5605');
INSERT INTO `msg_receival` VALUES ('7', 'block', '90711050422101519902598177013', '5016');
INSERT INTO `msg_receival` VALUES ('8', 'block', '90711050422101519902598177013', '4911');
INSERT INTO `msg_receival` VALUES ('9', 'block', '90711050422101519902598177013', '4956');
INSERT INTO `msg_receival` VALUES ('1', 'block', '42986445723643926996324619213', '5014');
INSERT INTO `msg_receival` VALUES ('2', 'block', '42986445723643926996324619213', '5361');
INSERT INTO `msg_receival` VALUES ('3', 'block', '42986445723643926996324619213', '5036');
INSERT INTO `msg_receival` VALUES ('4', 'block', '42986445723643926996324619213', '5283');
INSERT INTO `msg_receival` VALUES ('5', 'block', '42986445723643926996324619213', '6066');
INSERT INTO `msg_receival` VALUES ('7', 'block', '42986445723643926996324619213', '5050');
INSERT INTO `msg_receival` VALUES ('8', 'block', '42986445723643926996324619213', '5088');
INSERT INTO `msg_receival` VALUES ('9', 'block', '42986445723643926996324619213', '5195');
INSERT INTO `msg_receival` VALUES ('1', 'block', '761453706539009682814561013554', '5183');
INSERT INTO `msg_receival` VALUES ('2', 'block', '761453706539009682814561013554', '4913');
INSERT INTO `msg_receival` VALUES ('3', 'block', '761453706539009682814561013554', '5051');
INSERT INTO `msg_receival` VALUES ('4', 'block', '761453706539009682814561013554', '5846');
INSERT INTO `msg_receival` VALUES ('5', 'block', '761453706539009682814561013554', '5244');
INSERT INTO `msg_receival` VALUES ('7', 'block', '761453706539009682814561013554', '5062');
INSERT INTO `msg_receival` VALUES ('8', 'block', '761453706539009682814561013554', '5670');
INSERT INTO `msg_receival` VALUES ('9', 'block', '761453706539009682814561013554', '5085');
INSERT INTO `msg_receival` VALUES ('1', 'block', '880541147872321521348553200701', '4952');
INSERT INTO `msg_receival` VALUES ('2', 'block', '880541147872321521348553200701', '4968');
INSERT INTO `msg_receival` VALUES ('3', 'block', '880541147872321521348553200701', '4997');
INSERT INTO `msg_receival` VALUES ('4', 'block', '880541147872321521348553200701', '5416');
INSERT INTO `msg_receival` VALUES ('5', 'block', '880541147872321521348553200701', '6121');
INSERT INTO `msg_receival` VALUES ('7', 'block', '880541147872321521348553200701', '4909');
INSERT INTO `msg_receival` VALUES ('8', 'block', '880541147872321521348553200701', '4914');
INSERT INTO `msg_receival` VALUES ('9', 'block', '880541147872321521348553200701', '5139');
INSERT INTO `msg_receival` VALUES ('1', 'block', '157364938391178773601123300945', '5265');
INSERT INTO `msg_receival` VALUES ('2', 'block', '157364938391178773601123300945', '5121');
INSERT INTO `msg_receival` VALUES ('3', 'block', '157364938391178773601123300945', '5419');
INSERT INTO `msg_receival` VALUES ('4', 'block', '157364938391178773601123300945', '5259');
INSERT INTO `msg_receival` VALUES ('5', 'block', '157364938391178773601123300945', '5369');
INSERT INTO `msg_receival` VALUES ('7', 'block', '157364938391178773601123300945', '5282');
INSERT INTO `msg_receival` VALUES ('8', 'block', '157364938391178773601123300945', '5323');
INSERT INTO `msg_receival` VALUES ('9', 'block', '157364938391178773601123300945', '5305');
INSERT INTO `msg_receival` VALUES ('1', 'block', '314591187344584936126849596944', '5622');
INSERT INTO `msg_receival` VALUES ('2', 'block', '314591187344584936126849596944', '4995');
INSERT INTO `msg_receival` VALUES ('3', 'block', '314591187344584936126849596944', '5163');
INSERT INTO `msg_receival` VALUES ('4', 'block', '314591187344584936126849596944', '4952');
INSERT INTO `msg_receival` VALUES ('5', 'block', '314591187344584936126849596944', '5045');
INSERT INTO `msg_receival` VALUES ('7', 'block', '314591187344584936126849596944', '5224');
INSERT INTO `msg_receival` VALUES ('8', 'block', '314591187344584936126849596944', '5568');
INSERT INTO `msg_receival` VALUES ('9', 'block', '314591187344584936126849596944', '5150');
INSERT INTO `msg_receival` VALUES ('1', 'block', '147260381353209789398407199941', '5364');
INSERT INTO `msg_receival` VALUES ('2', 'block', '147260381353209789398407199941', '5217');
INSERT INTO `msg_receival` VALUES ('3', 'block', '147260381353209789398407199941', '5138');
INSERT INTO `msg_receival` VALUES ('4', 'block', '147260381353209789398407199941', '5097');
INSERT INTO `msg_receival` VALUES ('5', 'block', '147260381353209789398407199941', '5387');
INSERT INTO `msg_receival` VALUES ('7', 'block', '147260381353209789398407199941', '5488');
INSERT INTO `msg_receival` VALUES ('8', 'block', '147260381353209789398407199941', '5099');
INSERT INTO `msg_receival` VALUES ('9', 'block', '147260381353209789398407199941', '5153');
INSERT INTO `msg_receival` VALUES ('1', 'block', '34696777209935950910828621558', '5607');
INSERT INTO `msg_receival` VALUES ('2', 'block', '34696777209935950910828621558', '5100');
INSERT INTO `msg_receival` VALUES ('3', 'block', '34696777209935950910828621558', '5264');
INSERT INTO `msg_receival` VALUES ('4', 'block', '34696777209935950910828621558', '5442');
INSERT INTO `msg_receival` VALUES ('5', 'block', '34696777209935950910828621558', '5250');
INSERT INTO `msg_receival` VALUES ('7', 'block', '34696777209935950910828621558', '4958');
INSERT INTO `msg_receival` VALUES ('8', 'block', '34696777209935950910828621558', '5627');
INSERT INTO `msg_receival` VALUES ('9', 'block', '34696777209935950910828621558', '5046');
INSERT INTO `msg_receival` VALUES ('1', 'block', '822637317614311871600306889540', '5188');
INSERT INTO `msg_receival` VALUES ('2', 'block', '822637317614311871600306889540', '5114');
INSERT INTO `msg_receival` VALUES ('3', 'block', '822637317614311871600306889540', '5003');
INSERT INTO `msg_receival` VALUES ('4', 'block', '822637317614311871600306889540', '5398');
INSERT INTO `msg_receival` VALUES ('5', 'block', '822637317614311871600306889540', '5212');
INSERT INTO `msg_receival` VALUES ('7', 'block', '822637317614311871600306889540', '5161');
INSERT INTO `msg_receival` VALUES ('8', 'block', '822637317614311871600306889540', '5418');
INSERT INTO `msg_receival` VALUES ('9', 'block', '822637317614311871600306889540', '5201');
INSERT INTO `msg_receival` VALUES ('1', 'block', '837634919828009966066762330754', '4963');
INSERT INTO `msg_receival` VALUES ('2', 'block', '837634919828009966066762330754', '4968');
INSERT INTO `msg_receival` VALUES ('3', 'block', '837634919828009966066762330754', '5184');
INSERT INTO `msg_receival` VALUES ('4', 'block', '837634919828009966066762330754', '5970');
INSERT INTO `msg_receival` VALUES ('5', 'block', '837634919828009966066762330754', '4929');
INSERT INTO `msg_receival` VALUES ('7', 'block', '837634919828009966066762330754', '5015');
INSERT INTO `msg_receival` VALUES ('8', 'block', '837634919828009966066762330754', '5615');
INSERT INTO `msg_receival` VALUES ('9', 'block', '837634919828009966066762330754', '5015');
INSERT INTO `msg_receival` VALUES ('1', 'block', '732010536333962575874549382307', '5935');
INSERT INTO `msg_receival` VALUES ('2', 'block', '732010536333962575874549382307', '5016');
INSERT INTO `msg_receival` VALUES ('3', 'block', '732010536333962575874549382307', '4936');
INSERT INTO `msg_receival` VALUES ('4', 'block', '732010536333962575874549382307', '5410');
INSERT INTO `msg_receival` VALUES ('5', 'block', '732010536333962575874549382307', '5148');
INSERT INTO `msg_receival` VALUES ('7', 'block', '732010536333962575874549382307', '5419');
INSERT INTO `msg_receival` VALUES ('8', 'block', '732010536333962575874549382307', '4941');
INSERT INTO `msg_receival` VALUES ('9', 'block', '732010536333962575874549382307', '5008');
INSERT INTO `msg_receival` VALUES ('1', 'block', '324513731794975903016691489065', '4915');
INSERT INTO `msg_receival` VALUES ('2', 'block', '324513731794975903016691489065', '5162');
INSERT INTO `msg_receival` VALUES ('3', 'block', '324513731794975903016691489065', '5005');
INSERT INTO `msg_receival` VALUES ('4', 'block', '324513731794975903016691489065', '4915');
INSERT INTO `msg_receival` VALUES ('5', 'block', '324513731794975903016691489065', '5059');
INSERT INTO `msg_receival` VALUES ('7', 'block', '324513731794975903016691489065', '5337');
INSERT INTO `msg_receival` VALUES ('8', 'block', '324513731794975903016691489065', '5329');
INSERT INTO `msg_receival` VALUES ('9', 'block', '324513731794975903016691489065', '4970');
INSERT INTO `msg_receival` VALUES ('1', 'block', '937650141805951539691162409394', '5317');
INSERT INTO `msg_receival` VALUES ('2', 'block', '937650141805951539691162409394', '5214');
INSERT INTO `msg_receival` VALUES ('3', 'block', '937650141805951539691162409394', '5684');
INSERT INTO `msg_receival` VALUES ('4', 'block', '937650141805951539691162409394', '5119');
INSERT INTO `msg_receival` VALUES ('5', 'block', '937650141805951539691162409394', '4963');
INSERT INTO `msg_receival` VALUES ('7', 'block', '937650141805951539691162409394', '5893');
INSERT INTO `msg_receival` VALUES ('8', 'block', '937650141805951539691162409394', '4963');
INSERT INTO `msg_receival` VALUES ('9', 'block', '937650141805951539691162409394', '5171');
INSERT INTO `msg_receival` VALUES ('1', 'block', '773197277290668681225900823244', '4973');
INSERT INTO `msg_receival` VALUES ('2', 'block', '773197277290668681225900823244', '4946');
INSERT INTO `msg_receival` VALUES ('3', 'block', '773197277290668681225900823244', '4952');
INSERT INTO `msg_receival` VALUES ('4', 'block', '773197277290668681225900823244', '5229');
INSERT INTO `msg_receival` VALUES ('5', 'block', '773197277290668681225900823244', '4994');
INSERT INTO `msg_receival` VALUES ('7', 'block', '773197277290668681225900823244', '5006');
INSERT INTO `msg_receival` VALUES ('8', 'block', '773197277290668681225900823244', '5066');
INSERT INTO `msg_receival` VALUES ('9', 'block', '773197277290668681225900823244', '5078');
INSERT INTO `msg_receival` VALUES ('1', 'block', '465754435566379276725266328075', '5050');
INSERT INTO `msg_receival` VALUES ('2', 'block', '465754435566379276725266328075', '5540');
INSERT INTO `msg_receival` VALUES ('3', 'block', '465754435566379276725266328075', '5206');
INSERT INTO `msg_receival` VALUES ('4', 'block', '465754435566379276725266328075', '5338');
INSERT INTO `msg_receival` VALUES ('5', 'block', '465754435566379276725266328075', '5336');
INSERT INTO `msg_receival` VALUES ('7', 'block', '465754435566379276725266328075', '5944');
INSERT INTO `msg_receival` VALUES ('8', 'block', '465754435566379276725266328075', '5231');
INSERT INTO `msg_receival` VALUES ('9', 'block', '465754435566379276725266328075', '5108');
INSERT INTO `msg_receival` VALUES ('1', 'block', '546842592169795847614002902143', '5069');
INSERT INTO `msg_receival` VALUES ('2', 'block', '546842592169795847614002902143', '5558');
INSERT INTO `msg_receival` VALUES ('3', 'block', '546842592169795847614002902143', '6129');
INSERT INTO `msg_receival` VALUES ('4', 'block', '546842592169795847614002902143', '5108');
INSERT INTO `msg_receival` VALUES ('5', 'block', '546842592169795847614002902143', '5544');
INSERT INTO `msg_receival` VALUES ('7', 'block', '546842592169795847614002902143', '5255');
INSERT INTO `msg_receival` VALUES ('8', 'block', '546842592169795847614002902143', '5238');
INSERT INTO `msg_receival` VALUES ('9', 'block', '546842592169795847614002902143', '4918');
INSERT INTO `msg_receival` VALUES ('0', 'block', '445561989681182353268944807019', '5001');
INSERT INTO `msg_receival` VALUES ('6', 'block', '445561989681182353268944807019', '5025');
INSERT INTO `msg_receival` VALUES ('1', 'block', '445561989681182353268944807019', '5233');
INSERT INTO `msg_receival` VALUES ('2', 'block', '445561989681182353268944807019', '5767');
INSERT INTO `msg_receival` VALUES ('3', 'block', '445561989681182353268944807019', '5280');
INSERT INTO `msg_receival` VALUES ('4', 'block', '445561989681182353268944807019', '5065');
INSERT INTO `msg_receival` VALUES ('5', 'block', '445561989681182353268944807019', '5222');
INSERT INTO `msg_receival` VALUES ('7', 'block', '445561989681182353268944807019', '5366');
INSERT INTO `msg_receival` VALUES ('8', 'block', '445561989681182353268944807019', '5004');
INSERT INTO `msg_receival` VALUES ('9', 'block', '445561989681182353268944807019', '5119');
INSERT INTO `msg_receival` VALUES ('7', 'block', '483619832202168181486368431236', '5101');
INSERT INTO `msg_receival` VALUES ('0', 'block', '483619832202168181486368431236', '5189');
INSERT INTO `msg_receival` VALUES ('1', 'block', '483619832202168181486368431236', '5218');
INSERT INTO `msg_receival` VALUES ('2', 'block', '483619832202168181486368431236', '5327');
INSERT INTO `msg_receival` VALUES ('3', 'block', '483619832202168181486368431236', '5109');
INSERT INTO `msg_receival` VALUES ('4', 'block', '483619832202168181486368431236', '5311');
INSERT INTO `msg_receival` VALUES ('5', 'block', '483619832202168181486368431236', '5109');
INSERT INTO `msg_receival` VALUES ('6', 'block', '483619832202168181486368431236', '5125');
INSERT INTO `msg_receival` VALUES ('8', 'block', '483619832202168181486368431236', '5279');
INSERT INTO `msg_receival` VALUES ('9', 'block', '483619832202168181486368431236', '5258');
INSERT INTO `msg_receival` VALUES ('6', 'block', '253501897833147300350946197739', '5101');
INSERT INTO `msg_receival` VALUES ('0', 'block', '253501897833147300350946197739', '5211');
INSERT INTO `msg_receival` VALUES ('1', 'block', '253501897833147300350946197739', '5112');
INSERT INTO `msg_receival` VALUES ('2', 'block', '253501897833147300350946197739', '5213');
INSERT INTO `msg_receival` VALUES ('3', 'block', '253501897833147300350946197739', '5293');
INSERT INTO `msg_receival` VALUES ('4', 'block', '253501897833147300350946197739', '5158');
INSERT INTO `msg_receival` VALUES ('5', 'block', '253501897833147300350946197739', '5112');
INSERT INTO `msg_receival` VALUES ('7', 'block', '253501897833147300350946197739', '5118');
INSERT INTO `msg_receival` VALUES ('8', 'block', '253501897833147300350946197739', '5397');
INSERT INTO `msg_receival` VALUES ('9', 'block', '253501897833147300350946197739', '5409');
INSERT INTO `msg_receival` VALUES ('0', 'block', '679366736825940019545584648741', '5201');
INSERT INTO `msg_receival` VALUES ('6', 'block', '679366736825940019545584648741', '5314');
INSERT INTO `msg_receival` VALUES ('1', 'block', '679366736825940019545584648741', '5484');
INSERT INTO `msg_receival` VALUES ('2', 'block', '679366736825940019545584648741', '5353');
INSERT INTO `msg_receival` VALUES ('3', 'block', '679366736825940019545584648741', '5313');
INSERT INTO `msg_receival` VALUES ('4', 'block', '679366736825940019545584648741', '5304');
INSERT INTO `msg_receival` VALUES ('5', 'block', '679366736825940019545584648741', '5221');
INSERT INTO `msg_receival` VALUES ('7', 'block', '679366736825940019545584648741', '5882');
INSERT INTO `msg_receival` VALUES ('8', 'block', '679366736825940019545584648741', '5239');
INSERT INTO `msg_receival` VALUES ('9', 'block', '679366736825940019545584648741', '5288');
INSERT INTO `msg_receival` VALUES ('8', 'block', '397141400502243536907556617680', '5301');
INSERT INTO `msg_receival` VALUES ('0', 'block', '397141400502243536907556617680', '5503');
INSERT INTO `msg_receival` VALUES ('1', 'block', '397141400502243536907556617680', '5396');
INSERT INTO `msg_receival` VALUES ('2', 'block', '397141400502243536907556617680', '5383');
INSERT INTO `msg_receival` VALUES ('3', 'block', '397141400502243536907556617680', '5425');
INSERT INTO `msg_receival` VALUES ('4', 'block', '397141400502243536907556617680', '5578');
INSERT INTO `msg_receival` VALUES ('5', 'block', '397141400502243536907556617680', '5315');
INSERT INTO `msg_receival` VALUES ('6', 'block', '397141400502243536907556617680', '5439');
INSERT INTO `msg_receival` VALUES ('7', 'block', '397141400502243536907556617680', '5333');
INSERT INTO `msg_receival` VALUES ('9', 'block', '397141400502243536907556617680', '5390');
INSERT INTO `msg_receival` VALUES ('8', 'block', '579251068116356755031792877612', '5501');
INSERT INTO `msg_receival` VALUES ('0', 'block', '579251068116356755031792877612', '5523');
INSERT INTO `msg_receival` VALUES ('1', 'block', '579251068116356755031792877612', '5626');
INSERT INTO `msg_receival` VALUES ('2', 'block', '579251068116356755031792877612', '5647');
INSERT INTO `msg_receival` VALUES ('3', 'block', '579251068116356755031792877612', '5524');
INSERT INTO `msg_receival` VALUES ('4', 'block', '579251068116356755031792877612', '5565');
INSERT INTO `msg_receival` VALUES ('5', 'block', '579251068116356755031792877612', '5504');
INSERT INTO `msg_receival` VALUES ('6', 'block', '579251068116356755031792877612', '5511');
INSERT INTO `msg_receival` VALUES ('7', 'block', '579251068116356755031792877612', '5631');
INSERT INTO `msg_receival` VALUES ('9', 'block', '579251068116356755031792877612', '5540');
INSERT INTO `msg_receival` VALUES ('6', 'block', '623494438425801018098777346467', '5501');
INSERT INTO `msg_receival` VALUES ('0', 'block', '623494438425801018098777346467', '5607');
INSERT INTO `msg_receival` VALUES ('1', 'block', '623494438425801018098777346467', '6040');
INSERT INTO `msg_receival` VALUES ('2', 'block', '623494438425801018098777346467', '5668');
INSERT INTO `msg_receival` VALUES ('3', 'block', '623494438425801018098777346467', '5540');
INSERT INTO `msg_receival` VALUES ('4', 'block', '623494438425801018098777346467', '5534');
INSERT INTO `msg_receival` VALUES ('5', 'block', '623494438425801018098777346467', '5536');
INSERT INTO `msg_receival` VALUES ('7', 'block', '623494438425801018098777346467', '5825');
INSERT INTO `msg_receival` VALUES ('8', 'block', '623494438425801018098777346467', '5503');
INSERT INTO `msg_receival` VALUES ('9', 'block', '623494438425801018098777346467', '5903');
INSERT INTO `msg_receival` VALUES ('4', 'block', '193524882612106684838292696392', '5601');
INSERT INTO `msg_receival` VALUES ('0', 'block', '193524882612106684838292696392', '5956');
INSERT INTO `msg_receival` VALUES ('1', 'block', '193524882612106684838292696392', '5618');
INSERT INTO `msg_receival` VALUES ('2', 'block', '193524882612106684838292696392', '5622');
INSERT INTO `msg_receival` VALUES ('3', 'block', '193524882612106684838292696392', '5868');
INSERT INTO `msg_receival` VALUES ('5', 'block', '193524882612106684838292696392', '5666');
INSERT INTO `msg_receival` VALUES ('6', 'block', '193524882612106684838292696392', '5980');
INSERT INTO `msg_receival` VALUES ('7', 'block', '193524882612106684838292696392', '5734');
INSERT INTO `msg_receival` VALUES ('8', 'block', '193524882612106684838292696392', '5765');
INSERT INTO `msg_receival` VALUES ('9', 'block', '193524882612106684838292696392', '5606');
INSERT INTO `msg_receival` VALUES ('0', 'block', '230456338513362127712802379717', '5601');
INSERT INTO `msg_receival` VALUES ('6', 'block', '230456338513362127712802379717', '5607');
INSERT INTO `msg_receival` VALUES ('1', 'block', '230456338513362127712802379717', '6180');
INSERT INTO `msg_receival` VALUES ('2', 'block', '230456338513362127712802379717', '6233');
INSERT INTO `msg_receival` VALUES ('3', 'block', '230456338513362127712802379717', '5967');
INSERT INTO `msg_receival` VALUES ('4', 'block', '230456338513362127712802379717', '5733');
INSERT INTO `msg_receival` VALUES ('5', 'block', '230456338513362127712802379717', '5632');
INSERT INTO `msg_receival` VALUES ('7', 'block', '230456338513362127712802379717', '5709');
INSERT INTO `msg_receival` VALUES ('8', 'block', '230456338513362127712802379717', '5698');
INSERT INTO `msg_receival` VALUES ('9', 'block', '230456338513362127712802379717', '7019');
INSERT INTO `msg_receival` VALUES ('1', 'block', '867215688158909451117423860608', '5701');
INSERT INTO `msg_receival` VALUES ('0', 'block', '867215688158909451117423860608', '5750');
INSERT INTO `msg_receival` VALUES ('2', 'block', '867215688158909451117423860608', '5730');
INSERT INTO `msg_receival` VALUES ('3', 'block', '867215688158909451117423860608', '5707');
INSERT INTO `msg_receival` VALUES ('4', 'block', '867215688158909451117423860608', '5716');
INSERT INTO `msg_receival` VALUES ('5', 'block', '867215688158909451117423860608', '5738');
INSERT INTO `msg_receival` VALUES ('6', 'block', '867215688158909451117423860608', '5754');
INSERT INTO `msg_receival` VALUES ('7', 'block', '867215688158909451117423860608', '5800');
INSERT INTO `msg_receival` VALUES ('8', 'block', '867215688158909451117423860608', '5730');
INSERT INTO `msg_receival` VALUES ('9', 'block', '867215688158909451117423860608', '5713');
INSERT INTO `msg_receival` VALUES ('0', 'block', '474310075842334802471556737946', '5701');
INSERT INTO `msg_receival` VALUES ('6', 'block', '474310075842334802471556737946', '5774');
INSERT INTO `msg_receival` VALUES ('1', 'block', '474310075842334802471556737946', '5710');
INSERT INTO `msg_receival` VALUES ('2', 'block', '474310075842334802471556737946', '5933');
INSERT INTO `msg_receival` VALUES ('3', 'block', '474310075842334802471556737946', '6030');
INSERT INTO `msg_receival` VALUES ('4', 'block', '474310075842334802471556737946', '5957');
INSERT INTO `msg_receival` VALUES ('5', 'block', '474310075842334802471556737946', '5784');
INSERT INTO `msg_receival` VALUES ('7', 'block', '474310075842334802471556737946', '5737');
INSERT INTO `msg_receival` VALUES ('8', 'block', '474310075842334802471556737946', '5963');
INSERT INTO `msg_receival` VALUES ('9', 'block', '474310075842334802471556737946', '5857');
INSERT INTO `msg_receival` VALUES ('2', 'block', '786892904212151258833176236060', '5801');
INSERT INTO `msg_receival` VALUES ('0', 'block', '786892904212151258833176236060', '5971');
INSERT INTO `msg_receival` VALUES ('1', 'block', '786892904212151258833176236060', '5886');
INSERT INTO `msg_receival` VALUES ('3', 'block', '786892904212151258833176236060', '5826');
INSERT INTO `msg_receival` VALUES ('4', 'block', '786892904212151258833176236060', '5923');
INSERT INTO `msg_receival` VALUES ('5', 'block', '786892904212151258833176236060', '5824');
INSERT INTO `msg_receival` VALUES ('6', 'block', '786892904212151258833176236060', '5914');
INSERT INTO `msg_receival` VALUES ('7', 'block', '786892904212151258833176236060', '5841');
INSERT INTO `msg_receival` VALUES ('8', 'block', '786892904212151258833176236060', '5833');
INSERT INTO `msg_receival` VALUES ('9', 'block', '786892904212151258833176236060', '5987');
INSERT INTO `msg_receival` VALUES ('6', 'block', '284197897035744510567710435765', '5801');
INSERT INTO `msg_receival` VALUES ('0', 'block', '284197897035744510567710435765', '5834');
INSERT INTO `msg_receival` VALUES ('1', 'block', '284197897035744510567710435765', '6028');
INSERT INTO `msg_receival` VALUES ('2', 'block', '284197897035744510567710435765', '5922');
INSERT INTO `msg_receival` VALUES ('3', 'block', '284197897035744510567710435765', '6017');
INSERT INTO `msg_receival` VALUES ('4', 'block', '284197897035744510567710435765', '6125');
INSERT INTO `msg_receival` VALUES ('5', 'block', '284197897035744510567710435765', '6082');
INSERT INTO `msg_receival` VALUES ('7', 'block', '284197897035744510567710435765', '6273');
INSERT INTO `msg_receival` VALUES ('8', 'block', '284197897035744510567710435765', '5883');
INSERT INTO `msg_receival` VALUES ('9', 'block', '284197897035744510567710435765', '6033');
INSERT INTO `msg_receival` VALUES ('3', 'block', '564197607572306693590877855852', '5901');
INSERT INTO `msg_receival` VALUES ('0', 'block', '564197607572306693590877855852', '6388');
INSERT INTO `msg_receival` VALUES ('1', 'block', '564197607572306693590877855852', '6006');
INSERT INTO `msg_receival` VALUES ('2', 'block', '564197607572306693590877855852', '6021');
INSERT INTO `msg_receival` VALUES ('4', 'block', '564197607572306693590877855852', '5921');
INSERT INTO `msg_receival` VALUES ('5', 'block', '564197607572306693590877855852', '5961');
INSERT INTO `msg_receival` VALUES ('6', 'block', '564197607572306693590877855852', '5986');
INSERT INTO `msg_receival` VALUES ('7', 'block', '564197607572306693590877855852', '5952');
INSERT INTO `msg_receival` VALUES ('8', 'block', '564197607572306693590877855852', '5970');
INSERT INTO `msg_receival` VALUES ('9', 'block', '564197607572306693590877855852', '5901');

-- ----------------------------
-- Table structure for transfer
-- ----------------------------
DROP TABLE IF EXISTS `transfer`;
CREATE TABLE `transfer` (
  `sender_id` tinyint(2) NOT NULL,
  `receiver_id` tinyint(2) NOT NULL,
  `stake` varchar(20) DEFAULT NULL,
  `is_copied` tinyint(2) DEFAULT NULL
) ENGINE=MyISAM DEFAULT CHARSET=utf8;

-- ----------------------------
-- Records of transfer
-- ----------------------------
INSERT INTO `transfer` VALUES ('1', '5', '0.0', '1');
INSERT INTO `transfer` VALUES ('8', '2', '0.0', '1');
INSERT INTO `transfer` VALUES ('2', '9', '0.0', '1');
INSERT INTO `transfer` VALUES ('4', '2', '0.0', '1');
INSERT INTO `transfer` VALUES ('3', '0', '0.0', '1');
INSERT INTO `transfer` VALUES ('7', '4', '0.0', '1');
INSERT INTO `transfer` VALUES ('1', '2', '0.0', '1');
INSERT INTO `transfer` VALUES ('8', '5', '0.0', '1');
INSERT INTO `transfer` VALUES ('2', '5', '0.0', '1');
INSERT INTO `transfer` VALUES ('5', '1', '0.0', '1');
INSERT INTO `transfer` VALUES ('4', '4', '0.0', '1');
INSERT INTO `transfer` VALUES ('3', '5', '0.0', '1');
INSERT INTO `transfer` VALUES ('1', '5', '0.0', '1');
INSERT INTO `transfer` VALUES ('8', '5', '0.0', '1');
INSERT INTO `transfer` VALUES ('2', '5', '0.0', '1');
INSERT INTO `transfer` VALUES ('4', '1', '0.0', '1');
INSERT INTO `transfer` VALUES ('3', '0', '0.0', '1');
INSERT INTO `transfer` VALUES ('7', '1', '0.0', '1');
INSERT INTO `transfer` VALUES ('1', '5', '0.0', '1');
INSERT INTO `transfer` VALUES ('8', '4', '0.0', '1');
INSERT INTO `transfer` VALUES ('2', '4', '0.0', '1');
INSERT INTO `transfer` VALUES ('4', '2', '0.0', '1');
INSERT INTO `transfer` VALUES ('1', '5', '0.0', '1');
INSERT INTO `transfer` VALUES ('3', '4', '0.0', '1');
INSERT INTO `transfer` VALUES ('8', '5', '0.0', '1');
INSERT INTO `transfer` VALUES ('2', '0', '0.0', '1');
INSERT INTO `transfer` VALUES ('5', '7', '0.0', '1');
INSERT INTO `transfer` VALUES ('7', '5', '0.0', '1');
INSERT INTO `transfer` VALUES ('1', '8', '0.0', '1');
INSERT INTO `transfer` VALUES ('4', '7', '0.0', '1');
INSERT INTO `transfer` VALUES ('3', '0', '0.0', '1');
INSERT INTO `transfer` VALUES ('8', '7', '0.0', '1');
INSERT INTO `transfer` VALUES ('2', '4', '0.0', '1');
INSERT INTO `transfer` VALUES ('1', '0', '0.0', '1');
INSERT INTO `transfer` VALUES ('9', '7', '0.0', '1');
INSERT INTO `transfer` VALUES ('4', '7', '0.0', '1');
INSERT INTO `transfer` VALUES ('8', '9', '0.0', '1');
INSERT INTO `transfer` VALUES ('3', '7', '0.0', '1');
INSERT INTO `transfer` VALUES ('2', '2', '0.0', '0');
INSERT INTO `transfer` VALUES ('1', '3', '0.0', '0');
INSERT INTO `transfer` VALUES ('7', '7', '0.0', '0');
INSERT INTO `transfer` VALUES ('7', '9', '0.0', '0');
INSERT INTO `transfer` VALUES ('8', '2', '0.0', '0');
INSERT INTO `transfer` VALUES ('8', '3', '0.0', '0');
INSERT INTO `transfer` VALUES ('4', '5', '0.0', '0');
INSERT INTO `transfer` VALUES ('1', '4', '0.0', '0');
INSERT INTO `transfer` VALUES ('2', '4', '0.0', '0');
INSERT INTO `transfer` VALUES ('3', '1', '0.0', '0');
